:0200000460009A
:100000004643464200000156000000000103030081
:1000100000000000000000000000000000000000E0
:1000200000000000000000000000000000000000D0
:1000300000000000000000000000000000000000C0
:1000400000000000010408000000000000000000A3
:100050000000800000000000000000000000000020
:100060000000000000000000000000000000000090
:100070000000000000000000000000000000000080
:10008000EB04180A063204260000000000000000FD
:10009000050404240000000000000000000000002F
:1000A0000000000000000000000000000000000050
:1000B0000604000000000000000000000000000036
:1000C0000000000000000000000000000000000030
:1000D00020041808000000000000000000000000DC
:1000E0000000000000000000000000000000000010
:1000F0000000000000000000000000000000000000
:10010000D8041808000000000000000000000000F3
:100110000204180804200000000000000000000095
:1001200000000000000000000000000000000000CF
:10013000600400000000000000000000000000005B
:1001400000000000000000000000000000000000AF
:10015000000000000000000000000000000000009F
:10016000000000000000000000000000000000008F
:10017000000000000000000000000000000000007F
:10018000000000000000000000000000000000006F
:10019000000000000000000000000000000000005F
:1001A000000000000000000000000000000000004F
:1001B000000000000000000000000000000000003F
:1001C000000100000010000001000000000000001D
:1001D000000001000000000000000000000000001E
:1001E000000000000000000000000000000000000F
:1001F00000000000000000000000000000000000FF
:10020000FFFFFFFFFFFFFFFFFFFFFFFFFFFFFFFFFE
:10021000FFFFFFFFFFFFFFFFFFFFFFFFFFFFFFFFEE
:10022000FFFFFFFFFFFFFFFFFFFFFFFFFFFFFFFFDE
:10023000FFFFFFFFFFFFFFFFFFFFFFFFFFFFFFFFCE
:10024000FFFFFFFFFFFFFFFFFFFFFFFFFFFFFFFFBE
:10025000FFFFFFFFFFFFFFFFFFFFFFFFFFFFFFFFAE
:10026000FFFFFFFFFFFFFFFFFFFFFFFFFFFFFFFF9E
:10027000FFFFFFFFFFFFFFFFFFFFFFFFFFFFFFFF8E
:10028000FFFFFFFFFFFFFFFFFFFFFFFFFFFFFFFF7E
:10029000FFFFFFFFFFFFFFFFFFFFFFFFFFFFFFFF6E
:1002A000FFFFFFFFFFFFFFFFFFFFFFFFFFFFFFFF5E
:1002B000FFFFFFFFFFFFFFFFFFFFFFFFFFFFFFFF4E
:1002C000FFFFFFFFFFFFFFFFFFFFFFFFFFFFFFFF3E
:1002D000FFFFFFFFFFFFFFFFFFFFFFFFFFFFFFFF2E
:1002E000FFFFFFFFFFFFFFFFFFFFFFFFFFFFFFFF1E
:1002F000FFFFFFFFFFFFFFFFFFFFFFFFFFFFFFFF0E
:10030000FFFFFFFFFFFFFFFFFFFFFFFFFFFFFFFFFD
:10031000FFFFFFFFFFFFFFFFFFFFFFFFFFFFFFFFED
:10032000FFFFFFFFFFFFFFFFFFFFFFFFFFFFFFFFDD
:10033000FFFFFFFFFFFFFFFFFFFFFFFFFFFFFFFFCD
:10034000FFFFFFFFFFFFFFFFFFFFFFFFFFFFFFFFBD
:10035000FFFFFFFFFFFFFFFFFFFFFFFFFFFFFFFFAD
:10036000FFFFFFFFFFFFFFFFFFFFFFFFFFFFFFFF9D
:10037000FFFFFFFFFFFFFFFFFFFFFFFFFFFFFFFF8D
:10038000FFFFFFFFFFFFFFFFFFFFFFFFFFFFFFFF7D
:10039000FFFFFFFFFFFFFFFFFFFFFFFFFFFFFFFF6D
:1003A000FFFFFFFFFFFFFFFFFFFFFFFFFFFFFFFF5D
:1003B000FFFFFFFFFFFFFFFFFFFFFFFFFFFFFFFF4D
:1003C000FFFFFFFFFFFFFFFFFFFFFFFFFFFFFFFF3D
:1003D000FFFFFFFFFFFFFFFFFFFFFFFFFFFFFFFF2D
:1003E000FFFFFFFFFFFFFFFFFFFFFFFFFFFFFFFF1D
:1003F000FFFFFFFFFFFFFFFFFFFFFFFFFFFFFFFF0D
:10040000FFFFFFFFFFFFFFFFFFFFFFFFFFFFFFFFFC
:10041000FFFFFFFFFFFFFFFFFFFFFFFFFFFFFFFFEC
:10042000FFFFFFFFFFFFFFFFFFFFFFFFFFFFFFFFDC
:10043000FFFFFFFFFFFFFFFFFFFFFFFFFFFFFFFFCC
:10044000FFFFFFFFFFFFFFFFFFFFFFFFFFFFFFFFBC
:10045000FFFFFFFFFFFFFFFFFFFFFFFFFFFFFFFFAC
:10046000FFFFFFFFFFFFFFFFFFFFFFFFFFFFFFFF9C
:10047000FFFFFFFFFFFFFFFFFFFFFFFFFFFFFFFF8C
:10048000FFFFFFFFFFFFFFFFFFFFFFFFFFFFFFFF7C
:10049000FFFFFFFFFFFFFFFFFFFFFFFFFFFFFFFF6C
:1004A000FFFFFFFFFFFFFFFFFFFFFFFFFFFFFFFF5C
:1004B000FFFFFFFFFFFFFFFFFFFFFFFFFFFFFFFF4C
:1004C000FFFFFFFFFFFFFFFFFFFFFFFFFFFFFFFF3C
:1004D000FFFFFFFFFFFFFFFFFFFFFFFFFFFFFFFF2C
:1004E000FFFFFFFFFFFFFFFFFFFFFFFFFFFFFFFF1C
:1004F000FFFFFFFFFFFFFFFFFFFFFFFFFFFFFFFF0C
:10050000FFFFFFFFFFFFFFFFFFFFFFFFFFFFFFFFFB
:10051000FFFFFFFFFFFFFFFFFFFFFFFFFFFFFFFFEB
:10052000FFFFFFFFFFFFFFFFFFFFFFFFFFFFFFFFDB
:10053000FFFFFFFFFFFFFFFFFFFFFFFFFFFFFFFFCB
:10054000FFFFFFFFFFFFFFFFFFFFFFFFFFFFFFFFBB
:10055000FFFFFFFFFFFFFFFFFFFFFFFFFFFFFFFFAB
:10056000FFFFFFFFFFFFFFFFFFFFFFFFFFFFFFFF9B
:10057000FFFFFFFFFFFFFFFFFFFFFFFFFFFFFFFF8B
:10058000FFFFFFFFFFFFFFFFFFFFFFFFFFFFFFFF7B
:10059000FFFFFFFFFFFFFFFFFFFFFFFFFFFFFFFF6B
:1005A000FFFFFFFFFFFFFFFFFFFFFFFFFFFFFFFF5B
:1005B000FFFFFFFFFFFFFFFFFFFFFFFFFFFFFFFF4B
:1005C000FFFFFFFFFFFFFFFFFFFFFFFFFFFFFFFF3B
:1005D000FFFFFFFFFFFFFFFFFFFFFFFFFFFFFFFF2B
:1005E000FFFFFFFFFFFFFFFFFFFFFFFFFFFFFFFF1B
:1005F000FFFFFFFFFFFFFFFFFFFFFFFFFFFFFFFF0B
:10060000FFFFFFFFFFFFFFFFFFFFFFFFFFFFFFFFFA
:10061000FFFFFFFFFFFFFFFFFFFFFFFFFFFFFFFFEA
:10062000FFFFFFFFFFFFFFFFFFFFFFFFFFFFFFFFDA
:10063000FFFFFFFFFFFFFFFFFFFFFFFFFFFFFFFFCA
:10064000FFFFFFFFFFFFFFFFFFFFFFFFFFFFFFFFBA
:10065000FFFFFFFFFFFFFFFFFFFFFFFFFFFFFFFFAA
:10066000FFFFFFFFFFFFFFFFFFFFFFFFFFFFFFFF9A
:10067000FFFFFFFFFFFFFFFFFFFFFFFFFFFFFFFF8A
:10068000FFFFFFFFFFFFFFFFFFFFFFFFFFFFFFFF7A
:10069000FFFFFFFFFFFFFFFFFFFFFFFFFFFFFFFF6A
:1006A000FFFFFFFFFFFFFFFFFFFFFFFFFFFFFFFF5A
:1006B000FFFFFFFFFFFFFFFFFFFFFFFFFFFFFFFF4A
:1006C000FFFFFFFFFFFFFFFFFFFFFFFFFFFFFFFF3A
:1006D000FFFFFFFFFFFFFFFFFFFFFFFFFFFFFFFF2A
:1006E000FFFFFFFFFFFFFFFFFFFFFFFFFFFFFFFF1A
:1006F000FFFFFFFFFFFFFFFFFFFFFFFFFFFFFFFF0A
:10070000FFFFFFFFFFFFFFFFFFFFFFFFFFFFFFFFF9
:10071000FFFFFFFFFFFFFFFFFFFFFFFFFFFFFFFFE9
:10072000FFFFFFFFFFFFFFFFFFFFFFFFFFFFFFFFD9
:10073000FFFFFFFFFFFFFFFFFFFFFFFFFFFFFFFFC9
:10074000FFFFFFFFFFFFFFFFFFFFFFFFFFFFFFFFB9
:10075000FFFFFFFFFFFFFFFFFFFFFFFFFFFFFFFFA9
:10076000FFFFFFFFFFFFFFFFFFFFFFFFFFFFFFFF99
:10077000FFFFFFFFFFFFFFFFFFFFFFFFFFFFFFFF89
:10078000FFFFFFFFFFFFFFFFFFFFFFFFFFFFFFFF79
:10079000FFFFFFFFFFFFFFFFFFFFFFFFFFFFFFFF69
:1007A000FFFFFFFFFFFFFFFFFFFFFFFFFFFFFFFF59
:1007B000FFFFFFFFFFFFFFFFFFFFFFFFFFFFFFFF49
:1007C000FFFFFFFFFFFFFFFFFFFFFFFFFFFFFFFF39
:1007D000FFFFFFFFFFFFFFFFFFFFFFFFFFFFFFFF29
:1007E000FFFFFFFFFFFFFFFFFFFFFFFFFFFFFFFF19
:1007F000FFFFFFFFFFFFFFFFFFFFFFFFFFFFFFFF09
:10080000FFFFFFFFFFFFFFFFFFFFFFFFFFFFFFFFF8
:10081000FFFFFFFFFFFFFFFFFFFFFFFFFFFFFFFFE8
:10082000FFFFFFFFFFFFFFFFFFFFFFFFFFFFFFFFD8
:10083000FFFFFFFFFFFFFFFFFFFFFFFFFFFFFFFFC8
:10084000FFFFFFFFFFFFFFFFFFFFFFFFFFFFFFFFB8
:10085000FFFFFFFFFFFFFFFFFFFFFFFFFFFFFFFFA8
:10086000FFFFFFFFFFFFFFFFFFFFFFFFFFFFFFFF98
:10087000FFFFFFFFFFFFFFFFFFFFFFFFFFFFFFFF88
:10088000FFFFFFFFFFFFFFFFFFFFFFFFFFFFFFFF78
:10089000FFFFFFFFFFFFFFFFFFFFFFFFFFFFFFFF68
:1008A000FFFFFFFFFFFFFFFFFFFFFFFFFFFFFFFF58
:1008B000FFFFFFFFFFFFFFFFFFFFFFFFFFFFFFFF48
:1008C000FFFFFFFFFFFFFFFFFFFFFFFFFFFFFFFF38
:1008D000FFFFFFFFFFFFFFFFFFFFFFFFFFFFFFFF28
:1008E000FFFFFFFFFFFFFFFFFFFFFFFFFFFFFFFF18
:1008F000FFFFFFFFFFFFFFFFFFFFFFFFFFFFFFFF08
:10090000FFFFFFFFFFFFFFFFFFFFFFFFFFFFFFFFF7
:10091000FFFFFFFFFFFFFFFFFFFFFFFFFFFFFFFFE7
:10092000FFFFFFFFFFFFFFFFFFFFFFFFFFFFFFFFD7
:10093000FFFFFFFFFFFFFFFFFFFFFFFFFFFFFFFFC7
:10094000FFFFFFFFFFFFFFFFFFFFFFFFFFFFFFFFB7
:10095000FFFFFFFFFFFFFFFFFFFFFFFFFFFFFFFFA7
:10096000FFFFFFFFFFFFFFFFFFFFFFFFFFFFFFFF97
:10097000FFFFFFFFFFFFFFFFFFFFFFFFFFFFFFFF87
:10098000FFFFFFFFFFFFFFFFFFFFFFFFFFFFFFFF77
:10099000FFFFFFFFFFFFFFFFFFFFFFFFFFFFFFFF67
:1009A000FFFFFFFFFFFFFFFFFFFFFFFFFFFFFFFF57
:1009B000FFFFFFFFFFFFFFFFFFFFFFFFFFFFFFFF47
:1009C000FFFFFFFFFFFFFFFFFFFFFFFFFFFFFFFF37
:1009D000FFFFFFFFFFFFFFFFFFFFFFFFFFFFFFFF27
:1009E000FFFFFFFFFFFFFFFFFFFFFFFFFFFFFFFF17
:1009F000FFFFFFFFFFFFFFFFFFFFFFFFFFFFFFFF07
:100A0000FFFFFFFFFFFFFFFFFFFFFFFFFFFFFFFFF6
:100A1000FFFFFFFFFFFFFFFFFFFFFFFFFFFFFFFFE6
:100A2000FFFFFFFFFFFFFFFFFFFFFFFFFFFFFFFFD6
:100A3000FFFFFFFFFFFFFFFFFFFFFFFFFFFFFFFFC6
:100A4000FFFFFFFFFFFFFFFFFFFFFFFFFFFFFFFFB6
:100A5000FFFFFFFFFFFFFFFFFFFFFFFFFFFFFFFFA6
:100A6000FFFFFFFFFFFFFFFFFFFFFFFFFFFFFFFF96
:100A7000FFFFFFFFFFFFFFFFFFFFFFFFFFFFFFFF86
:100A8000FFFFFFFFFFFFFFFFFFFFFFFFFFFFFFFF76
:100A9000FFFFFFFFFFFFFFFFFFFFFFFFFFFFFFFF66
:100AA000FFFFFFFFFFFFFFFFFFFFFFFFFFFFFFFF56
:100AB000FFFFFFFFFFFFFFFFFFFFFFFFFFFFFFFF46
:100AC000FFFFFFFFFFFFFFFFFFFFFFFFFFFFFFFF36
:100AD000FFFFFFFFFFFFFFFFFFFFFFFFFFFFFFFF26
:100AE000FFFFFFFFFFFFFFFFFFFFFFFFFFFFFFFF16
:100AF000FFFFFFFFFFFFFFFFFFFFFFFFFFFFFFFF06
:100B0000FFFFFFFFFFFFFFFFFFFFFFFFFFFFFFFFF5
:100B1000FFFFFFFFFFFFFFFFFFFFFFFFFFFFFFFFE5
:100B2000FFFFFFFFFFFFFFFFFFFFFFFFFFFFFFFFD5
:100B3000FFFFFFFFFFFFFFFFFFFFFFFFFFFFFFFFC5
:100B4000FFFFFFFFFFFFFFFFFFFFFFFFFFFFFFFFB5
:100B5000FFFFFFFFFFFFFFFFFFFFFFFFFFFFFFFFA5
:100B6000FFFFFFFFFFFFFFFFFFFFFFFFFFFFFFFF95
:100B7000FFFFFFFFFFFFFFFFFFFFFFFFFFFFFFFF85
:100B8000FFFFFFFFFFFFFFFFFFFFFFFFFFFFFFFF75
:100B9000FFFFFFFFFFFFFFFFFFFFFFFFFFFFFFFF65
:100BA000FFFFFFFFFFFFFFFFFFFFFFFFFFFFFFFF55
:100BB000FFFFFFFFFFFFFFFFFFFFFFFFFFFFFFFF45
:100BC000FFFFFFFFFFFFFFFFFFFFFFFFFFFFFFFF35
:100BD000FFFFFFFFFFFFFFFFFFFFFFFFFFFFFFFF25
:100BE000FFFFFFFFFFFFFFFFFFFFFFFFFFFFFFFF15
:100BF000FFFFFFFFFFFFFFFFFFFFFFFFFFFFFFFF05
:100C0000FFFFFFFFFFFFFFFFFFFFFFFFFFFFFFFFF4
:100C1000FFFFFFFFFFFFFFFFFFFFFFFFFFFFFFFFE4
:100C2000FFFFFFFFFFFFFFFFFFFFFFFFFFFFFFFFD4
:100C3000FFFFFFFFFFFFFFFFFFFFFFFFFFFFFFFFC4
:100C4000FFFFFFFFFFFFFFFFFFFFFFFFFFFFFFFFB4
:100C5000FFFFFFFFFFFFFFFFFFFFFFFFFFFFFFFFA4
:100C6000FFFFFFFFFFFFFFFFFFFFFFFFFFFFFFFF94
:100C7000FFFFFFFFFFFFFFFFFFFFFFFFFFFFFFFF84
:100C8000FFFFFFFFFFFFFFFFFFFFFFFFFFFFFFFF74
:100C9000FFFFFFFFFFFFFFFFFFFFFFFFFFFFFFFF64
:100CA000FFFFFFFFFFFFFFFFFFFFFFFFFFFFFFFF54
:100CB000FFFFFFFFFFFFFFFFFFFFFFFFFFFFFFFF44
:100CC000FFFFFFFFFFFFFFFFFFFFFFFFFFFFFFFF34
:100CD000FFFFFFFFFFFFFFFFFFFFFFFFFFFFFFFF24
:100CE000FFFFFFFFFFFFFFFFFFFFFFFFFFFFFFFF14
:100CF000FFFFFFFFFFFFFFFFFFFFFFFFFFFFFFFF04
:100D0000FFFFFFFFFFFFFFFFFFFFFFFFFFFFFFFFF3
:100D1000FFFFFFFFFFFFFFFFFFFFFFFFFFFFFFFFE3
:100D2000FFFFFFFFFFFFFFFFFFFFFFFFFFFFFFFFD3
:100D3000FFFFFFFFFFFFFFFFFFFFFFFFFFFFFFFFC3
:100D4000FFFFFFFFFFFFFFFFFFFFFFFFFFFFFFFFB3
:100D5000FFFFFFFFFFFFFFFFFFFFFFFFFFFFFFFFA3
:100D6000FFFFFFFFFFFFFFFFFFFFFFFFFFFFFFFF93
:100D7000FFFFFFFFFFFFFFFFFFFFFFFFFFFFFFFF83
:100D8000FFFFFFFFFFFFFFFFFFFFFFFFFFFFFFFF73
:100D9000FFFFFFFFFFFFFFFFFFFFFFFFFFFFFFFF63
:100DA000FFFFFFFFFFFFFFFFFFFFFFFFFFFFFFFF53
:100DB000FFFFFFFFFFFFFFFFFFFFFFFFFFFFFFFF43
:100DC000FFFFFFFFFFFFFFFFFFFFFFFFFFFFFFFF33
:100DD000FFFFFFFFFFFFFFFFFFFFFFFFFFFFFFFF23
:100DE000FFFFFFFFFFFFFFFFFFFFFFFFFFFFFFFF13
:100DF000FFFFFFFFFFFFFFFFFFFFFFFFFFFFFFFF03
:100E0000FFFFFFFFFFFFFFFFFFFFFFFFFFFFFFFFF2
:100E1000FFFFFFFFFFFFFFFFFFFFFFFFFFFFFFFFE2
:100E2000FFFFFFFFFFFFFFFFFFFFFFFFFFFFFFFFD2
:100E3000FFFFFFFFFFFFFFFFFFFFFFFFFFFFFFFFC2
:100E4000FFFFFFFFFFFFFFFFFFFFFFFFFFFFFFFFB2
:100E5000FFFFFFFFFFFFFFFFFFFFFFFFFFFFFFFFA2
:100E6000FFFFFFFFFFFFFFFFFFFFFFFFFFFFFFFF92
:100E7000FFFFFFFFFFFFFFFFFFFFFFFFFFFFFFFF82
:100E8000FFFFFFFFFFFFFFFFFFFFFFFFFFFFFFFF72
:100E9000FFFFFFFFFFFFFFFFFFFFFFFFFFFFFFFF62
:100EA000FFFFFFFFFFFFFFFFFFFFFFFFFFFFFFFF52
:100EB000FFFFFFFFFFFFFFFFFFFFFFFFFFFFFFFF42
:100EC000FFFFFFFFFFFFFFFFFFFFFFFFFFFFFFFF32
:100ED000FFFFFFFFFFFFFFFFFFFFFFFFFFFFFFFF22
:100EE000FFFFFFFFFFFFFFFFFFFFFFFFFFFFFFFF12
:100EF000FFFFFFFFFFFFFFFFFFFFFFFFFFFFFFFF02
:100F0000FFFFFFFFFFFFFFFFFFFFFFFFFFFFFFFFF1
:100F1000FFFFFFFFFFFFFFFFFFFFFFFFFFFFFFFFE1
:100F2000FFFFFFFFFFFFFFFFFFFFFFFFFFFFFFFFD1
:100F3000FFFFFFFFFFFFFFFFFFFFFFFFFFFFFFFFC1
:100F4000FFFFFFFFFFFFFFFFFFFFFFFFFFFFFFFFB1
:100F5000FFFFFFFFFFFFFFFFFFFFFFFFFFFFFFFFA1
:100F6000FFFFFFFFFFFFFFFFFFFFFFFFFFFFFFFF91
:100F7000FFFFFFFFFFFFFFFFFFFFFFFFFFFFFFFF81
:100F8000FFFFFFFFFFFFFFFFFFFFFFFFFFFFFFFF71
:100F9000FFFFFFFFFFFFFFFFFFFFFFFFFFFFFFFF61
:100FA000FFFFFFFFFFFFFFFFFFFFFFFFFFFFFFFF51
:100FB000FFFFFFFFFFFFFFFFFFFFFFFFFFFFFFFF41
:100FC000FFFFFFFFFFFFFFFFFFFFFFFFFFFFFFFF31
:100FD000FFFFFFFFFFFFFFFFFFFFFFFFFFFFFFFF21
:100FE000FFFFFFFFFFFFFFFFFFFFFFFFFFFFFFFF11
:100FF000FFFFFFFFFFFFFFFFFFFFFFFFFFFFFFFF01
:10100000D10020434D1600600000000000000000E9
:1010100020100060001000600084016000000000EB
:10102000000000600090010000000000FFFFFFFFD3
:10103000FFFFFFFFFFFFFFFFFFFFFFFFFFFFFFFFC0
:10104000FFFFFFFFFFFFFFFFFFFFFFFFFFFFFFFFB0
:10105000FFFFFFFFFFFFFFFFFFFFFFFFFFFFFFFFA0
:10106000FFFFFFFFFFFFFFFFFFFFFFFFFFFFFFFF90
:10107000FFFFFFFFFFFFFFFFFFFFFFFFFFFFFFFF80
:10108000FFFFFFFFFFFFFFFFFFFFFFFFFFFFFFFF70
:10109000FFFFFFFFFFFFFFFFFFFFFFFFFFFFFFFF60
:1010A000FFFFFFFFFFFFFFFFFFFFFFFFFFFFFFFF50
:1010B000FFFFFFFFFFFFFFFFFFFFFFFFFFFFFFFF40
:1010C000FFFFFFFFFFFFFFFFFFFFFFFFFFFFFFFF30
:1010D000FFFFFFFFFFFFFFFFFFFFFFFFFFFFFFFF20
:1010E000FFFFFFFFFFFFFFFFFFFFFFFFFFFFFFFF10
:1010F000FFFFFFFFFFFFFFFFFFFFFFFFFFFFFFFF00
:10110000FFFFFFFFFFFFFFFFFFFFFFFFFFFFFFFFEF
:10111000FFFFFFFFFFFFFFFFFFFFFFFFFFFFFFFFDF
:10112000FFFFFFFFFFFFFFFFFFFFFFFFFFFFFFFFCF
:10113000FFFFFFFFFFFFFFFFFFFFFFFFFFFFFFFFBF
:10114000FFFFFFFFFFFFFFFFFFFFFFFFFFFFFFFFAF
:10115000FFFFFFFFFFFFFFFFFFFFFFFFFFFFFFFF9F
:10116000FFFFFFFFFFFFFFFFFFFFFFFFFFFFFFFF8F
:10117000FFFFFFFFFFFFFFFFFFFFFFFFFFFFFFFF7F
:10118000FFFFFFFFFFFFFFFFFFFFFFFFFFFFFFFF6F
:10119000FFFFFFFFFFFFFFFFFFFFFFFFFFFFFFFF5F
:1011A000FFFFFFFFFFFFFFFFFFFFFFFFFFFFFFFF4F
:1011B000FFFFFFFFFFFFFFFFFFFFFFFFFFFFFFFF3F
:1011C000FFFFFFFFFFFFFFFFFFFFFFFFFFFFFFFF2F
:1011D000FFFFFFFFFFFFFFFFFFFFFFFFFFFFFFFF1F
:1011E000FFFFFFFFFFFFFFFFFFFFFFFFFFFFFFFF0F
:1011F000FFFFFFFFFFFFFFFFFFFFFFFFFFFFFFFFFF
:10120000FFFFFFFFFFFFFFFFFFFFFFFFFFFFFFFFEE
:10121000FFFFFFFFFFFFFFFFFFFFFFFFFFFFFFFFDE
:10122000FFFFFFFFFFFFFFFFFFFFFFFFFFFFFFFFCE
:10123000FFFFFFFFFFFFFFFFFFFFFFFFFFFFFFFFBE
:10124000FFFFFFFFFFFFFFFFFFFFFFFFFFFFFFFFAE
:10125000FFFFFFFFFFFFFFFFFFFFFFFFFFFFFFFF9E
:10126000FFFFFFFFFFFFFFFFFFFFFFFFFFFFFFFF8E
:10127000FFFFFFFFFFFFFFFFFFFFFFFFFFFFFFFF7E
:10128000FFFFFFFFFFFFFFFFFFFFFFFFFFFFFFFF6E
:10129000FFFFFFFFFFFFFFFFFFFFFFFFFFFFFFFF5E
:1012A000FFFFFFFFFFFFFFFFFFFFFFFFFFFFFFFF4E
:1012B000FFFFFFFFFFFFFFFFFFFFFFFFFFFFFFFF3E
:1012C000FFFFFFFFFFFFFFFFFFFFFFFFFFFFFFFF2E
:1012D000FFFFFFFFFFFFFFFFFFFFFFFFFFFFFFFF1E
:1012E000FFFFFFFFFFFFFFFFFFFFFFFFFFFFFFFF0E
:1012F000FFFFFFFFFFFFFFFFFFFFFFFFFFFFFFFFFE
:10130000FFFFFFFFFFFFFFFFFFFFFFFFFFFFFFFFED
:10131000FFFFFFFFFFFFFFFFFFFFFFFFFFFFFFFFDD
:10132000FFFFFFFFFFFFFFFFFFFFFFFFFFFFFFFFCD
:10133000FFFFFFFFFFFFFFFFFFFFFFFFFFFFFFFFBD
:10134000FFFFFFFFFFFFFFFFFFFFFFFFFFFFFFFFAD
:10135000FFFFFFFFFFFFFFFFFFFFFFFFFFFFFFFF9D
:10136000FFFFFFFFFFFFFFFFFFFFFFFFFFFFFFFF8D
:10137000FFFFFFFFFFFFFFFFFFFFFFFFFFFFFFFF7D
:10138000FFFFFFFFFFFFFFFFFFFFFFFFFFFFFFFF6D
:10139000FFFFFFFFFFFFFFFFFFFFFFFFFFFFFFFF5D
:1013A000FFFFFFFFFFFFFFFFFFFFFFFFFFFFFFFF4D
:1013B000FFFFFFFFFFFFFFFFFFFFFFFFFFFFFFFF3D
:1013C000FFFFFFFFFFFFFFFFFFFFFFFFFFFFFFFF2D
:1013D000FFFFFFFFFFFFFFFFFFFFFFFFFFFFFFFF1D
:1013E000FFFFFFFFFFFFFFFFFFFFFFFFFFFFFFFF0D
:1013F000FFFFFFFFFFFFFFFFFFFFFFFFFFFFFFFFFD
:10140000814205D051F8043B40F8043B8242F9D8B0
:10141000704700BF044A05494FF0000342F8043BFF
:101420009142FBD8704700BFC08A00200092002084
:101430002DE98848BFF34F8F00BF00BF00BF00BF3A
:1014400000F0D6F9684B0822C3F8542100BF00BF52
:1014500000BF00BF00BF00BF00BF00BF00BF00BF94
:1014600000BF00BF00BF00BF00BF00BF5F4A6049B0
:101470006048FFF7C5FF604A60496148FFF7C0FF59
:10148000604CFFF7C7FF4FF470004FF0E0210023DE
:101490005D4AC1F8880D44F823200133B02BFAD1FE
:1014A0005A4B80215A4A03F8011B9342FBD14FF05B
:1014B000E0254D4E4FF08039DFF884B1DFF884A18C
:1014C0004FF0FF31C5F8084D0027C6F80491C6F863
:1014D00000B1C6F8F490C6F8F0A0D5F8243DDFF8C6
:1014E000688143F4E0234B4AC5F8243DD8F81C300A
:1014F00023F07F0343F04003C8F81C30D8F82430B1
:1015000023F07F0343F04003C8F824309166D1668E
:101510001167516700F074F93F4B4049A363404B9A
:10152000E36363236B610323AF612B613D4BC5F81C
:10153000203DD5F8FC3D43F08073C5F8FC3D3A4BA7
:101540001A6842F001021A605B680B6000F0A2FBAF
:10155000C6F804913548C6F800B1C6F8F490C6F84C
:10156000F0A000F039FDD8F86C10314B314A41F44D
:101570004051C8F86C101F60C3F80871C3F81871A7
:10158000C3F82871C3F83871936BDB0708D442F6AF
:101590001563294951651365936B43F00103936308
:1015A000244A264C936843F00113936000F0B0F98D
:1015B00000F0D4FC00F020FD00F09AFB00F01AF9D6
:1015C0002368132BFCD900F02BFC2368B3F5967F1E
:1015D000FBD300F013F900F00FF900F0F9FC00F074
:1015E000F3FC30BFFDE700BF00800D4088D3000052
:1015F0000822006000000000C08A002094F500600E
:1016000000000020008800204D11000000E400E0F0
:10161000A0E400E000C00A40752500006C910020A5
:101620007925000000002020001000E00046C323C0
:101630000040084000400D400000C056709100205E
:101640001B1018200C0D111300C00F40054B4FF458
:101650002A01054A05485A641864054A9963954663
:10166000FFF7E6FE00C00A40AFAAAAAA07002000C2
:101670000000072043690A4A03EB011010B4037A03
:10168000084C02EB0313D3E901321460C2681A60FC
:1016900003690BB142691A605DF8044B704700BFE3
:1016A0006472002061F801004369027E03EB0212BC
:1016B00092F808C08C451CD01A7AFF2A19D09142A2
:1016C00010B5044616D01A7EFF2A06D00121D3E9B0
:1016D000002312681A4201D1217610BD064B052263
:1016E000204603EB0C135B681A60FFF7C3FF2176FB
:1016F000F3E770470021EAE76472002043690A4A71
:1017000003EB011010B490F82830084C02EB0313DF
:10171000D3E901321460C26A1A60036B0BB1426BE9
:101720001A605DF8044B70476472002061F8010094
:101730004369427E03EB021292F828C08C451ED00A
:1017400093F82820FF2A1AD0914210B5044617D0EA
:1017500093F83820FF2A06D00121D3E9002312682C
:101760001A4201D1617610BD064B0522204603EBDB
:101770000C135B681A60FFF7C1FF6176F3E77047EF
:101780000021EAE764720020164942698B6B23F45A
:101790007C0343F4802370B58B630446124DD2E979
:1017A00000130A681A4303690A60022200211A61C1
:1017B0000E4A19619A6401225A629D624FF43035D3
:1017C000DD624FF001159E6C1E6519629D651A6100
:1017D000017EFFF74FFF617E2046BDE87040FFF7B6
:1017E0008DBF00BF00C00F40B80B05053B3728195F
:1017F000704700BF704700BF704700BF00BF704711
:1018000010B44FF0E023002110243148C3F8941D98
:10181000C3F89C4D1124C3F8A00D2E48C3F89C4D6D
:101820001224C3F8A00D2C48C3F89C4D2B4AC3F8D2
:10183000A00D2B4C42F015022A48C3F89C4DC3F86A
:10184000A00D294C2948C3F89C4DC3F8A00D284C85
:10185000C3F89C2D2748284AC3F8A04DC3F89C0D17
:10186000C3F8A02D02F5A022244C0C322448C3F862
:101870009C4DC3F8A02D234AC3F89C0D224CC3F8FD
:10188000A02D02F14062C3F89C4D2048C3F8A02D62
:101890000C32C3F89C0DC3F8A02D00BF00BF00BFE1
:1018A00000BF00BF0122C3F8942DBFF34F8FBFF3D9
:1018B0006F8FC3F8501FBFF34F8FBFF36F8FD3F8F5
:1018C000142D5DF8044B42F44032C3F8142D7047D8
:1018D0003F000010250008070900100000920020BA
:1018E0001300200021000207140000202500081327
:1018F000090000101600202027000B1317000040DD
:10190000180000602F000B07190000701A000080FB
:10191000F0B5B84B1822B84E0120B84F83B0C3F8C9
:101920005C62B749C3F86072B64DC3F86462A6F54D
:101930003046B54CC3F86862C3F86C52C3F87052B5
:10194000C3F87452C3F8785248F20C75DA661A6715
:101950005A679A67DA67C3F88020C3F88420C3F80F
:101960008820C1F82C03A94AC1F83003C1F8340318
:10197000C1F83803C1F83C03C1F85003A169A44B76
:101980000A40A448A4491343A44AA361D4F884306C
:1019900043F00C03C4F884304FF0FF34036843F085
:1019A0000203036003682B404FF400551A439C4B1D
:1019B000026044608A689B4C13409B4A43F000538A
:1019C0008360C36823F07803C360036A1340234332
:1019D0000362036A1340954A2343954C4362826233
:1019E000C2620022D1F8B83023F03F0343F0010374
:1019F000C0F8B830D1F8BC308E4923F03F0343F033
:101A00000103C0F8BC3040F205630261056604675B
:101A1000C0F88030456644670224C0F8843003680B
:101A200023F0020303608161834B8449C46143F85E
:101A3000042B8B42FBD1774A136843F001031360F8
:101A4000136813F00103FBD17A48022140F2F564D8
:101A5000906140F29940D16140F26641C2F8004283
:101A600042F20144C2F810127549C2F82002C2F8CD
:101A7000301240F235417348C2F83442C2F8401285
:101A8000714CC2F8500242F201207049C2F854125F
:101A90000121C2F86042C2F864025E48C2F8A03078
:101AA000C2F8A430C2F8B0104369DA07FCD50123AC
:101AB00000244FF4803257494361C0F8A040C0F879
:101AC000A420C0F8B0304B69DB07FCD5012300240B
:101AD0004FF400304F4A4B61C1F8A040C1F8A40058
:101AE000C1F8B0305369DF07FCD501230024584802
:101AF00048495361C2F8A040C2F8A400C2F8B0300F
:101B00004B69DE07FCD5D1F8003145F60D52212096
:101B10009BB24861934265D100244FF48022012397
:101B20003C48C1F8A040C1F8A420C1F8B0304369D6
:101B3000DD07FCD501234FF400040021354A436141
:101B4000C0F8A040C0F8A410C0F8B0305369DC075A
:101B5000FCD501234FF400044FF480302D4953612C
:101B6000C2F8A040C2F8A400C2F8B0304B69D80750
:101B7000FCD501234FF400044FF40030254A4B619B
:101B8000C1F8A040C1F8A400C1F8B0305369D9072A
:101B9000FCD501234FF400042D481E495361C2F8BF
:101BA000A040C2F8A400C2F8B0304B69DA07FCD5F7
:101BB000D1F8003145F60D5221209BB24861934285
:101BC00050D008254FF4000422490020224B234A1C
:101BD000009015705A1A01232148224400F000FA9F
:101BE00003B0F0BD1E4B0022C3E90022C3E902226C
:101BF00003B0F0BD00801F40F9B00100F9100100F2
:101C000000841F40F970010000C00F40FFFCFF1F5F
:101C1000000300A000402A4000802A401200FFFF7D
:101C2000FF37F7004000008000FFF07CFF000F83CB
:101C300063000200F05AF05A00422A4000432A4052
:101C40009F041830EB06180A3806180A06320126D7
:101C5000040003000000007000000070C691002026
:101C60006C9000204FF400044FF4802201230848B8
:101C7000C1F8A040C1F8A420C1F8B0304369DB0727
:101C8000FCD5012310254FF0807443619CE700BF11
:101C900000402A40F0B4154A40274FF480314FF4F9
:101CA00080564FF400554FF4404443F2420013690C
:101CB00013F0020F0ED113F4005F0FD013F4805F06
:101CC0000ED0002BF3DA13F4803F0BD15B060BD55B
:101CD000F0BC7047946151619061E8E75561E6E7B7
:101CE0005661E4E79161E2E75761E0E700800D406B
:101CF0003F4A03203F49F3EE095AD2F880304FF0B3
:101D0000000C9FED3D6A23F001039FED3C5A30B477
:101D1000C2F88030C2F89000D1F8E010384DCBB254
:101D2000384C39482B6007EE903A0B0DC1F30B216C
:101D3000F8EEE77A06EE903A07EE101A334BB8EE5B
:101D4000C77A2160F8EEE66A314937EEC66A37EEA7
:101D5000C55A76EEC76A77EEE57A26EE266AC3EDB7
:101D6000006A25EE265AD2F8803067EEA64AC0ED0A
:101D7000007AC6EE275A274885EE276AC4EEA76A7E
:101D800075EE875AFCEEE55A36EE076A15EE904A74
:101D9000BCEEC66A43EA045376EE877AC2F8803016
:101DA00016EE103AD2F89041FCEEE77A01EA0341D0
:101DB000214317EE903AC2F89011C3F30B03D2F807
:101DC00090110B431449C2F89031D2F8803043F09F
:101DD0000203C2F88030114B80F840C0C1F8403196
:101DE0004FF0E023012230BCC3F80821704700BF48
:101DF00000810D4000441F400000AA420000B44290
:101E0000DC900020D8900020E0900020E49000209A
:101E10000000FF0F00E400E0008800203513000000
:101E2000314B40F6617210B5C3F8202140F20444F2
:101E300000F0DEF82D4A2E49D2F880302D4843F0CC
:101E40000303C2F880302C4BC1F8604102681A428B
:101E500003D1D1F8A8319A071BD0254A4FF0004191
:101E6000244B5963D2F8403143F00203C2F84031A9
:101E7000D2F840319B07FBD44FF400304FF0E02103
:101E80001C4B4FF00042C1F88C0219209A6300F0FD
:101E900097F8184A4FF08040154C002190630A20B3
:101EA000164B11604FF42072C4F8A801184600F0D8
:101EB0009BF84FF4800203464FF4810040F2431137
:101EC0001860C4F858311A640D4B0E4AC4F8481112
:101ED000C3F804224FF0E0224FF400310123C2F88E
:101EE0000C11C4F8403110BD00800D4000C00F40FF
:101EF00000002E4000900D40001C1E00000000203D
:101F0000008800201D15000008B50E4B1B6E9B07B6
:101F100000D4FBBE72B60C4B00200C4AC3F8400143
:101F200003F160430A49A3F55F2311649D46BFF3A3
:101F30004F8F4FF400130748074ADB6902609B6824
:101F4000984700BF00441F4000002E4000C00A40D8
:101F50000300200000802020000012EB104BA02086
:101F6000104AD96E41F4403110B4D96640F237645A
:101F7000D96E41F44071D96654649064936C1B0629
:101F8000FCD4094A40F23761A02351649364936CF6
:101F900013F08003FBD1054A13705DF8044B7047C2
:101FA00000C00F4000400C4000800C40C591002054
:101FB000F8B500BFF8BC08BC9E46704700000000A2
:101FC0005FF800F00D0D00005FF800F0A50F0000B5
:101FD0005FF800F04D4B00005FF800F01D0A0000B4
:101FE0005FF800F0792700005FF800F0D5480000A6
:101FF0005FF800F08D1C00005FF800F0152600006F
:10200000050100001D030000D10500009509000036
:1020100080C00F4000000003190000001000000005
:10202000E8841F4001000000FF000000FF000000E6
:102030000000000000000000180000001000000078
:10204000E4841F4001000000FF000000FF000000CA
:1020500000000000000000001F00000061070000F9
:1020600070C00F40000C00001100000011000000C3
:10207000E0841F40020000002C000000120000005D
:10208000E0841F400100000010000000110000006B
:10209000DC841F40020000002D0000001200000040
:1020A000DC841F40010000001E00000055070000F6
:1020B00070C00F40C00000001200000013000000BC
:1020C000D0841F4001000000FF000000FF0000005E
:1020D00000000000000000001300000013000000DA
:1020E000CC841F4001000000FF000000FF00000042
:1020F00000000000000000001C0000004907000074
:102100001603550053004200200053006500720082
:10211000690061006C000000180354006500650050
:102120006E00730079006400750069006E006F0036
:102130000403090409026200030100C032080B0015
:10214000020202010009040000010202010005244C
:1021500000100105240101010424020605240600E3
:10216000010705820310001009040100020A0000A3
:102170000007050302400000070584024000000933
:1021800004020002FF6AFF00070581024000010708
:10219000050102400001000009026200030100C0C5
:1021A00032080B00020202010009040000010202D1
:1021B0000100052400100105240101010424020688
:1021C000052406000107058203100005090401002B
:1021D000020A00000007050302000200070584024E
:1021E0000002000904020002FF6AC700070581021D
:1021F0000002010705010200020100000A060002B8
:08220000EF02014001000000A3
:1022080000000000000000000000000000000000C6
:1022180000000000000000000000000000000000B6
:10222800F8B54FF084439D695A6915400DD0254F84
:1022380001269D6195FAA5F4B4FA84F457F8243080
:1022480006FA04F49847A543F4D11F4B9D695A69CF
:1022580015400DD01D4F01269D6195FAA5F4B4FADD
:1022680084F457F8243006FA04F49847A543F4D1C7
:10227800174B9D695A6915400DD0164F01269D616F
:1022880095FAA5F4B4FA84F457F8243006FA04F45D
:102298009847A543F4D1104B9D695A6915400DD054
:1022A8000E4F01269D6195FAA5F4B4FA84F457F807
:1022B800243006FA04F49847A543F4D1BFF34F8FAE
:1022C800F8BD00BFE081002000400042608200208D
:1022D80000800042E082002000C0004260830020AD
:1022E8000548064B1B1AD90F01EBA301491002D070
:1022F800034B03B118477047C08A0020C08A0020EA
:102308000000000008B5054B1BB105490548AFF3AF
:102318000080BDE80840FFF7E3BF00BF00000000F1
:10232800889000200090016008B5212000F06CFE24
:1023380028B106490648BDE8084000F061BC0549D7
:102348000348BDE8084000F05BBC00BFAC030020B8
:1023580058780020B80300202DE9F8430021152003
:1023680000F064FE012114202C4D00F05FFE0021D6
:1023780021202B4C00F05AFE04222A49212000F08B
:102388008FFE294F2E6840F2EE28DFF8BC9002F04D
:1023980063F92378002B34D03B78DB0731D52B68E1
:1023A800D9F800209B1A0E2B2BD908211F4802F0C0
:1023B800D5F81F4800F008FC1E481F4D00240DF0FA
:1023C800D3F821462846013400F0EAF9284640F2BD
:1023D800DC5100F0EBF9082C05F10605F1D1214696
:1023E800164800F0DDF9154840F2DC5100F0DEF93E
:1023F800134B144A4FF4FA701A60BDE8F84300F022
:1024080085BD2B6822789B1B2AB1B3F5FA6FCCD80F
:1024180002F022F9BBE74345FAD9C6E770910020DC
:10242800CE91002029010000CD91002038760020AF
:102438005878002068780020789100207C9000204F
:102448008490002000407944B09100202DE9F043A9
:102458002E4E93B00024354607E07F2C04F101048A
:1024680011D002F055F805F8010B02F00DF800281C
:10247800F3D1305554B902F013F81E2013B0BDE85B
:10248800F04300F043BD002386F87F3010A90FAB5E
:102498000EAA09AC11AF1D48CDE903310DAB0CA94B
:1024A800CDE9013200910BAB0AAA1949CDE90574AF
:1024B80004F0BAF907288046DDDD164D40F63406EB
:1024C8004FF4617908E040F6340126602846063565
:1024D80000F06CF9BC4210D054F8041FB142F2DC91
:1024E800B1F5617FF2DA28464FF46171C4F80090C3
:1024F800063500F05BF9BC42EED1B8F1090FBAD14C
:102508000999054800F052F9B5E700BFEC900020A2
:10251800FC750020789100207C90002038B5074C8D
:1025280004F130052046063400F0C6F8A542F9D17A
:102538000348BDE8384000F0BFB800BF78910020DC
:102548007C900020036818470B680360704700BF41
:102558000B680360704700BF704700BF10B50446A2
:1025680000F0E0FA204610BD2DE9F041484E3078E1
:10257800FF2802D0002100F01DFD464D2B780B2BC3
:1025880043D8454F01213C6801FA03F222424ED15B
:10259800FF2232700133DBB20B2B32D82B700020B4
:1025A8004FF0010C03E0CBB201200C2B30D00CFA19
:1025B80003F2591C2242F6D000B12B703749DFEDE7
:1025C800387A31F81310374A07EE101A1368BBEE41
:1025D800CE7A0B44B4EEE77A1360F1EE10FA0EDC13
:1025E800F3EE086AFEEE007AE7EE267AFCEEE77A6A
:1025F80017EE903A102B02D92B4A1268A2B9BDE8FF
:10260800F081002213462A70C9E7234A1468BFE7FD
:10261800244A264811682B70814213D9224B1B6823
:102628000BB19521196000231360BDE8F081204AA1
:1026380012F80380404600F0BDFC2B783C6886F811
:102648000080A7E71B4B5B1A07EE903AFAEECE7AAA
:10265800F5EEC07AF1EE10FAE5D49FED117AF4EEBA
:10266800C77AF1EE10FADEDCF3EE086ABEEE007A05
:10267800A7EEA67AFCEEC77A17EE903A102BD2D9BD
:10268800094909680029CED0C1ED007ACBE700BF1F
:102698003384002032840020008D0020E88C002044
:1026A800ABAA2A4D448D0020287C0020FFE10400BD
:1026B800088D002000E2040030B40F4D00230C21E7
:1026C80001222C68037122424FEA420C0BD0037995
:1026D80001391FFA8CF203F101030371F3D1FF23CF
:1026E80030BC03717047054914430B682C6023EA1A
:1026F800020330BC0B607047048D0020008D002061
:102708002DE9F041044600798CB00B2802D90CB0B1
:10271800BDE8F081CFB21D46164601213846DFF8E4
:102728007C8000F083FC20792B01D8F8001032015E
:10273800638001232280144A834015682B43136069
:1027480045F6C052114B1F54114B23F81020002995
:10275800DDD1104B02A908A8009306930E4B0293F3
:10276800FFF7F2FE06A9EF22404600F059F9069B52
:1027780008A8DB689847009B02A8DB68984720797F
:102788000CB0BDE8F08100BF008D0020088D00204E
:10279800E88C00202004002069030000287C002029
:1027A8004FF416634FF40872FFF7AABF03880A01B3
:1027B800B3EB011F03DC43889342A8BF1346027999
:1027C8000B2A02D8014921F812307047E88C002002
:1027D800024A0349034802F011B900BF3C7C0020BB
:1027E8005D030000287C00200020704790F8A3209B
:1027F80090F8A200101A704790F8A23090F8A32021
:102808009A4205D95A1C034480F8A220987E704742
:102818004FF0FF30704700BF90F8A23090F8A32027
:102828009A4202D91844807E70474FF0FF307047B3
:10283800704700BF0346B0F8300178B193F82F21F4
:10284800882A03D9012200205A60704702F1010C3E
:1028580001201A4483F82FC182F8A510704700BFE1
:1028680038B5B0F830410CB9204638BD90F82F3152
:102878000546C3F18904A2420DD8144605F1A50006
:102888002246184400F096FC95F82F312046234440
:1028980085F82F3138BD01224260EFE7F8B50669A7
:1028A8000446D6F8145115F4706301D0C6F81431F3
:1028B800A8070BD5D6F8702111043DD500230121B6
:1028C80084F8A230234484F8A3109A76EA0710D536
:1028D80094F83071F7B194F82E7194F82F31BB4207
:1028E80026D97B1C274484F82E3197F8A530C6F8E2
:1028F8006031AB050DD594F8A30018B1D4F83C317C
:1029080003B198470023A4F8A230A4F82E3184F824
:102918003031F8BDD4F8383103B19847002384F832
:102928002E31012384F8303194F82F31BB42D8D8A6
:102938000023C6F86031DCE794F8A330872BC5D8AC
:10294800591CC9B2BEE700BF0148FFF7A7BF00BFC7
:10295800687800200148FFF7A1BF00BFA8790020D0
:102968000148FFF79BBF00BFE87A0020704700BF0F
:10297800704700BF704700BF704700BF70B51A4C62
:102988001A4D2368AB4202D0194AD16829BBA36902
:10299800AB4202D0164AD169C9B9236BAB4202D007
:1029A800134AD16A69B9A36CAB4209D0104AD16BFA
:1029B80031B101211B680F48D163BDE87040184749
:1029C80070BD01211B680C48D1629847EBE70121D3
:1029D8001B680A48D1619847DFE701211B6804F1A9
:1029E8000800D1609847D2E7C08A0020C4030020BD
:1029F80000410840108B0020F88A0020E08A00205F
:102A080038B5064CA4F1600554F8083C2046183C3B
:102A1800DB689847AC42F7D138BD00BF108B002067
:102A280003682DE9F041044688B01746002B4BD0C7
:102A380000229A600122DA60304D04A8DFF8E080B5
:102A48001D4451F8083B2D1102935B6805EB4506C0
:102A58009847F60006F1080058F806304044DB684D
:102A680001909847264A04A9DDE90103029248F833
:102A780006309B689847029B04A8DB689847236840
:102A8800032220481F609A601F4A23791F4C535520
:102A980013785178C0F828428B4228BF0B469178AA
:102AA800D2788B4228BF0B46934228BF1346184C56
:102AB8004FF0E0224FF08061012084F87A30C2F8AC
:102AC8000C1108B0BDE8F081124AD36E43F44053AC
:102AD800D3660122104B1A60104A13460260403236
:102AE80098680028A8D0103393422360F8D10023B7
:102AF8001846236008B0BDE8F08100BF00BFF7BFEB
:102B0800C403002000880020307C00207D070000DE
:102B180000E400E000C00F400040084000410840C9
:102B2800C08A0020F8B5036843B3154C0746154E14
:102B38001C44241104EB4405ED00735905F1080009
:102B4800DB6830449847104B0021012273513B68E1
:102B58009960DA60FF230D4A1355137850789478FA
:102B6800834228BF0346D078094AA34228BF234698
:102B7800834228BF034682F87A303960F8BD00BF27
:102B880000BFF7BFC08A0020C4030020307C0020AB
:102B980000E400E010B4064B0020064C064A1C6016
:102BA8009C611C639C6405495DF8044B01F026BFD9
:102BB800C08A0020C40300203C7C002001080000DB
:102BC800084601F0B5BC00BF00B5036883B040F605
:102BD8000D2C022201A95B68ADF804C0984703B028
:102BE8005DF804FB054B022888BF034610B41C6837
:102BF800184663685DF8044B184700BF58780020F2
:102C08000EB400B582B003AA52F8041B019203F077
:102C1800A5FE02B05DF804EB03B07047A249A34BD0
:102C280088422DE9F047A24C5E699A69D4F80C8075
:102C38001BD9A04B984240F20281C31A9E491B0A35
:102C4800A1FB031340F22761DB0903EB830303EBCA
:102C5800830303F2E2438B4228BF0B46A3F5487770
:102C6800964BA3FB0737FF0804E0954FB8428CBF8B
:102C78000E2706278D4908F01F09D1F88030B9457D
:102C880043F0C003C1F880300CD228F01F08A1F52A
:102C9800F82148EA0708C1F80C800B68002BFCDA19
:102CA80008F01F0916F0007324D186490C6986497B
:102CB800A14300F0EA8082F4805134464FF48055F5
:102CC80014F0605F04D026F060561E43774B5E61B7
:102CD80011F4405F07D022F4405274492A438A61B4
:102CE8008B6C1A07FCD446F00076704A5661936CD8
:102CF8009B06FCD4754CA04200F2CE804FF0010C2C
:102D08000146634603FB011203F1010E0CF10105B4
:102D1800A24218D8BEF1080F4FF0010340F08D8091
:102D2800BCF1040F00F291800A18A24200F2A480BC
:102D380005FB00F1AC4603F1010E03FB01120CF197
:102D48000105A242E6D90CF1FF318C0286EA812105
:102D58005F4810445F4A90427FD9DFF8A4A16C22F3
:102D68005D48584DB0FBFEF0D5F800E0B0FBFCF034
:102D7800DFF890C10EEA0C0CD44509D042F4005299
:102D88004FF4805CC5F800C02A602A68002AFCDA83
:102D9800464A156905F007059D4203D01361936CF7
:102DA800DD03FCD411F4E05F09D026F4E05604F406
:102DB800E0543E4A26435661936C9907FCD4474930
:102DC800474A014491423CD8464BC909A3FB01310B
:102DD800090B4B1E1B0286EA030212F4407F06D041
:102DE80026F4407603F44073304A334353612F4A44
:102DF800536923F000735361936C9B06FCD43A4BE0
:102E08004F45A3FB00234FF0FF324FEA9343B0FB3B
:102E1800F1F1B2FBF3F3354A1060354A1160354AD7
:102E2800136008D228F01F08214A48EA0707D7602C
:102E38001368002BFCDABDE8F087734662E71227B7
:102E480018E74FF440730421C5E70CF1FF3120481F
:102E580007238C02104486EA8121274ADFF8A8A0BC
:102E6800A2FB0020020D2548362A38BF362202FB75
:102E780000F042EA0A0A74E74FEA8C24002386EA43
:102E88008C214FF0010EAC4662E71D4686F0C05417
:102E980011464FF0C05313E700244FF0010C0246CF
:102EA80031462346E64653E700A4781F00C00F408A
:102EB800000008400046C32323B24C001F85EB5195
:102EC80000366E0100800D4040300080FFB19F2623
:102ED800808D5B00FF7EF64D00643F4D7FD1F0088A
:102EE8007F17B42C9F10E50083DE1B435478002025
:102EF80050780020E8900020819F5E16001BB700E4
:102F08006C2000807F3001800020008000B970476D
:102F18002DE9F84F01218146214C224D224E54E8DB
:102F2800003F2A68306844E80013002BF7D11F4996
:102F38004B684FF47A7BDFF878A01B1A01270BFB4C
:102F480002F8DAF80020A3FB02325A4594BF9044F5
:102F5800D84454E8003F2A68306844E80073002BDE
:102F6800F7D14B68DAF800C01B1A0BFB02F2A3FB7F
:102F78000C3CBCF57A7F94BF624402F57A72A2EBEE
:102F88000802B2F57A7F06D3B9F1010908F57A7813
:102F9800DFD1BDE8F88F01F05FFB0449D9E700BF36
:102FA80074910020709100206C910020001000E0C6
:102FB800E8900020362816D80201104B03EB0010C9
:102FC8009B5810B4C2685C68144205D061B95DF8BA
:102FD800044BC3F888207047836851B1084A5DF8EC
:102FE800044B1A60704770475DF8044BC3F884209F
:102FF8007047044A5DF8044B1A60704764720020F9
:1030080038F001003830010036280BD8064B020191
:1030180003EB00109A58C36892681A4214BF012043
:10302800002070470020704764720020362829D895
:10303800164B0201012903EB00109A5810B453688B
:10304800C4680ED004290CD023EA040353608368B3
:10305800A9B1022917D003290CBF0D4A0D4A1A60DD
:1030680007E0234301295360836808D040F63802FB
:103078001A60436815225DF8044B1A6070473822BD
:103088001A60F6E77047044A1A60F2E76472002093
:10309800383001003800010038F00100704700BFE7
:1030A800362858D80001F0B4344C354D2358AB427B
:1030B80056D049D8B3F1844F4BD0A5F58045AB42E3
:1030C80040D1304D2044304E304CC4F8B462D0E981
:1030D80001C4C0684FF0E0264FF00057042AC6F834
:1030E80010712FD85E6926EA00065E614FF005066A
:1030F800CCF80060266846F4803626605C6824EACE
:1031080000045C60224C54F8224090FAA0F2B2FA13
:1031180082F245F822106FEA00011DD0DD690F2AFE
:1031280001EA0501D9611DDC52000325D9689440E4
:1031380005FA02F221EA02022243DA6098615A692A
:1031480002435A61F0BC7047124DAB42FAD1124D9E
:10315800B8E7124DB6E77047DA690243DA61EDE77E
:103168000F4DAFE7103A032519695200944005FA4C
:1031780002F221EA020222431A61DFE764720020A8
:1031880000800042608200202100000000880020AA
:103198009803002000C0004260830020E0810020E6
:1031A800E082002008B5FFF7D7F8FFF74FF901F0E4
:1031B80053FAFAE7844641EA000313F003036DD19A
:1031C800403A41D351F8043B40F8043B51F8043BE2
:1031D80040F8043B51F8043B40F8043B51F8043BE9
:1031E80040F8043B51F8043B40F8043B51F8043BD9
:1031F80040F8043B51F8043B40F8043B51F8043BC9
:1032080040F8043B51F8043B40F8043B51F8043BB8
:1032180040F8043B51F8043B40F8043B51F8043BA8
:1032280040F8043B51F8043B40F8043B51F8043B98
:1032380040F8043B51F8043B40F8043B51F8043B88
:1032480040F8043B403ABDD2303211D351F8043B28
:1032580040F8043B51F8043B40F8043B51F8043B68
:1032680040F8043B51F8043B40F8043B103AEDD2D7
:103278000C3205D351F8043B40F8043B043AF9D228
:10328800043208D0D2071CBF11F8013B00F8013BFB
:1032980001D30B8803806046704700BF082A13D308
:1032A8008B078DD010F003038AD0C3F10403D21A20
:1032B800DB071CBF11F8013B00F8013B80D331F854
:1032C800023B20F8023B7BE7043AD9D3013A11F8D4
:1032D800013B00F8013BF9D20B7803704B7843703F
:1032E8008B7883706046704701F1FF3C70B5664685
:1032F800002400E00134B0FBF2F502FB1503092BB2
:1033080003F1370E03F130035FFA8EFE98BF5FFAC0
:1033180083FE9042284606F801EFEBD2631C002298
:10332800C818CA547CB162461CF8015F10F8016DD8
:10333800A1EB0C0302328CF80060013B521A0570B5
:1033480023449A42EFDB084670BD00BF72B6EFF324
:103358000583524CC4F884301EF0040F0CBFEFF301
:103368000882EFF309824FF0E0234D4E4D4DD3F81C
:10337800280DD3F82C1DC4E92201D3F8341DD3F845
:10338800383DC4E924139369C4F89830D369C4F864
:103398009C3000F0D1F884ED280A01F0B5FA0B2131
:1033A8004FF0FF32C4F8A4000B46C4F880103E4921
:1033B800301D5A40202402F00103013C01FB03F3B5
:1033C80083EA5202F7D1A84202D073680646EFE7B3
:1033D800324BC3F8A820BFF34F8F4FF0E02330499A
:1033E800324AC3F8701FC3F8702FBFF34F8FBFF373
:1033F8006F8F2F4A02252F48D36E2F4943F440532D
:10340800D3660560D3692D4823F07F0343F040035A
:10341800D3610B6883423DD8264D00214FF0E0234D
:103428004FF0FF3229600126C5F808112449C5F874
:103438000011C5F80861C3F88021C3F88421C3F8D6
:103448008821C3F88C21C3F8902101E000F066F9C7
:10345800D5F80C31002BF9D00134C5F80C614F2C8C
:10346800F4D9184B022018494FF00042C1F8400126
:103478005A63D5F80C313BB9144815490D4A016314
:10348800D2F80C31002BFAD04FF0E023114AC3F8E0
:103498000C2DFEE7FFF7C2FBBEE700BF00FF2720A9
:1034A80080FF2720A8FF27202083B8EDA0FF272032
:1034B80000C00F400040084054780020803DCD0BEC
:1034C800009F240000900D4000002E4000800F4017
:1034D800F100AD0B0400FA050A490A6838B108B5CD
:1034E80013180948834204D810460B6008BD1046DB
:1034F800704703F025FC0C234FF0FF3203601046A1
:1035080008BD00BF387C002000002820002070473C
:103518004FF0FF30704700BF4FF4005300204B605E
:10352800704700BF012070474FF0FF30704700BF61
:1035380030BFFDE7FFF70ABF124AD2F880305B07B9
:10354800FBD5D2F880301048C3F30B230F4990ED18
:10355800007A07EE903A91ED006AB8EE477A0C4A85
:10356800F8EEE77A0B4BD2ED006A77EEC77A93ED67
:10357800007AB8EE477A67EE867A87EEA60A37EEC3
:10358800400A704700810D40D8900020E09000204C
:10359800E4900020DC900020836BF0B41BB15368EA
:1035A80043F40043536072B6446B3CB31A4B226039
:1035B800D3F8B0410C421DD1184E776804E0746806
:1035C800E41BB4F5166F0BD2D3F8404144F48044A1
:1035D800C3F84041D3F8B851D3F840416404EED55C
:1035E8000D4007D10C4CC0E90225D4F8B0310B438B
:1035F800C4F8B031426362B6F0BC7047064DC0E90A
:103608000224D5F8B0310B43C5F8B03102634263E8
:1036180062B6F0BC704700BF00002E40001000E00A
:1036280070B5056B9DB106462A46002403E0126872
:103638000134012A0CD0536813F08003F7D03263A9
:103648002CB12846B36B2D689847013CF9D170BD61
:10365800C6E90C33F4E700BF30B4D9B91F4C204B8E
:103668000021204A01254FF0011099601D60C4E92E
:10367800023180245C60C2F8BC01D2F8B0311A482B
:103688002B43C2F8B0310160D2F8B031002BFBD126
:1036980030BC70470904154B104C012541F08001DE
:1036A8009860104A596000F580511D60D96000F596
:1036B8000051A364196100F5405100F5804059613B
:1036C80000219861E164D2F8B03143F48033C2F844
:1036D800B031D2F8B031002BFBD1C0E70000002098
:1036E800208B002000002E4060900020408B00209E
:1036F800084901220B7802FA00F023EA000008705A
:1037080030B9054AD2F8483123F08003C2F848316D
:10371800704700BFC991002000002E402DE9F04FEE
:10372800974C83B0D4F84471FB07C4F8447153D55F
:10373800D4F8AC21002A4AD0924EDFF860A2DFF814
:103748007492DFF874B2DFF87482C4F8AC21D6E959
:103758000A20D4F8403143F40053C4F84031D4F877
:1037680040319D04F5D5D4F8403123F40053C4F812
:1037780040314FF00113C4F8B431D4F8B45115F006
:103788000115FAD193B28446CAF80050B3F5086F10
:1037980000F0CF8100F2DB8040F202318B4200F072
:1037A800E78100F29A80822B00F0CB81B3F5817F0C
:1037B80040F08A8010F0780F83B200F003824FF057
:1037C8000113C4F8C031D4F8AC21002ABDD16C4A29
:1037D800D2F8BC31002B42D17E0616D5684BD3F8FF
:1037E800AC21C3F8AC21D3F8BC21C3F8BC21D3F871
:1037F800B041002CFBD14FF0FF32C3F8B421D3F80D
:10380800843100F02DFD604B1C60FC0103D55F4B3B
:103818001B6803B19847B80103D55D4B1B6803B11A
:103828009847790708D5564BD3F8843113F40073B9
:1038380047D0584B01221A70514BD3F848311A0619
:103848000AD53B0608D5544A13782BB1013BDBB2A5
:103858001370002B00F0728203B0BDE8F08F4F495F
:10386800C2F8BC310868034240F0D181464A146866
:103878001C40B1D05FEA144810D0424E4FF0010905
:1038880098FAA8F5B5FA85F506EBC51009FA05F515
:103898004030FFF7C5FE38EA0508F1D1A4B2002C84
:1038A8009AD0384E4FF0010894FAA4F5B5FA85F588
:1038B80006EBC51008FA05F5FFF7B2FEAC43F3D1E5
:1038C8008AE7344A1370B7E7802B7FF478AF34481F
:1038D80002210580FFF7C0FE75E7B3F5A06F00F081
:1038E8000B81A3F5D063012B3FF669AF2D4B5D68C3
:1038F800002D3FF464AF1FFA8CFC4FEA124E04E02F
:103908001D690C33002D3FF45AAF1A887245F7D160
:103918005A886245F4D14FEA1E22032A00F0A58195
:103928001A89000C824228BF0246BEF5007F40F08B
:10393800A181184B1C4918781C4B0192002818BF0C
:1039480019461B48FFF736FC194D019AE1E142F28E
:1039580021218B427CD033D942F221318B4200F0B5
:1039680081804FF6C0018B427FF429AF10F47F4F5E
:1039780083B27FF424AF43F46E4363F30F0CB5E7CF
:1039880000002E400000002064900020B491002028
:10399800B8910020CF910020D091002060900020A5
:1039A800A0900020887600203421006098210060D3
:1039B80000002020589000205DCFC6B8C0012E40DE
:1039C800B3F5106F66D042F221018B427FF4F7AE57
:1039D800030C072B7FF4F3AEB24BB349F560D96003
:1039E800B249B360C3F80890C1E9002001221A6007
:1039F800AF4A5A60AF4A1A61D4F8B01141F00101D8
:103A0800C4F8B01102F5805102F5005259619A616B
:103A1800D4F8B031002BFBD1A74AF364936001239B
:103A2800B264136048F2800353604FF00113C4F886
:103A3800BC31D4F8B03143F48033C4F8B0314FF41A
:103A48008033CAF80030D4F8B031002BFBD1BAE685
:103A580080B238B9994BC2F307421968984B19607C
:103A6800984B1A70944B00229A60F2640122B36456
:103A78001A6080225A604FF00113C4F8BC31D4F8A0
:103A8800B03143F48033C4F8B031D4F8B031002BEE
:103A9800FBD198E6C2F307428B4B1A708B4BC4F8E4
:103AA800C8318B4BC4F8CC318A4BC4F8D03100F004
:103AB800D9FB80222946884803F00CF8874B8022DE
:103AC800C6F8A0B0C6F8E0307B4BF5645A60012216
:103AD800B3649D601A604FF00113C4F8BC31D4F888
:103AE800B03143F48033C4F8B031CAF80050D4F888
:103AF800B031002BFBD166E66F4B0121F5641960EC
:103B080080219D60B36459604FF00113C4F8BC3143
:103B1800D4F8B03143F48033C4F8B031D4F8B031BC
:103B2800002BFBD1130C5B0643F08073C4F85431AF
:103B380049E6654B01216A481B780370FFF78CFD45
:103B480041E683B210F078007FF439AE03F07F02CB
:103B580058F82210624A1080180600F19E80CB07A0
:103B680001D50123137002215D48FFF775FD2AE690
:103B780010F0780F83B27FF422AE03F07F0213F0C7
:103B8800800F58F8223014BF43F4803343F0010308
:103B980048F822300022484BF2649A600122B3644C
:103BA8001A6080225A604FF00113C4F8BC31D4F86F
:103BB800B03143F48033C4F8B031D4F8B031002BBD
:103BC800FBD100E603F07F0213F0800F58F8223093
:103BD80014BF23F4803323F0010348F82230002275
:103BE800354BF2649A600122B3641A6080225A60ED
:103BF8004FF00113C4F8BC31D4F8B03143F480332A
:103C0800C4F8B031D4F8B031002BFBD1DBE500208B
:103C1800086026490C88486842F221018C427FF4EA
:103C280025AE80B200287FF421AE2E492E4C03C960
:103C3800A18086284FEA11412060A1717FF416AE59
:103C480072B62A48017841F008010170D2F848118B
:103C58000D0605D480200143C2F84401C2F848117A
:103C680062B6234A5021117000E6000C2A7882427D
:103C780028BF0246BEF5E06F44D11E4B1E4D187892
:103C88001E491F4B0192002818BF19462846FFF706
:103C980091FA07236B70019A3BE0C9033FF561AFC6
:103CA80061E700BF408B002058A00020E08C002076
:103CB8008000070058B00020208B00207091002061
:103CC800B0910020CD910020CE9100200200CC00C0
:103CD800C80002000200C800800000201993D574B3
:103CE800A090002058900020A8910020C9910020A1
:103CF800D0910020CF910020000020209821006062
:103D0800342100602946104D01922846FFF752FAE7
:103D1800019A25F01F031544BFF34F8F4FF0E021A0
:103D2800C1F8703F20339D42FAD8BFF34F8FBFF3DD
:103D38006F8F05481146FFF78FFC44E50320FFF716
:103D4800D7FC0BF00DFC00BF000020202DE9F04748
:103D58001F46831E022B01D9BDE8F087DFF84C907F
:103D680015460C463C2209EBC01806464FEAC01A15
:103D7800002108F10400240402F0ACFEB5FA85F233
:103D88000123520944EA427449F80A40C8F83870D5
:103D9800C8F80830002FDFD0034AB34011680B433E
:103DA8001360BDE8F08700BF649000200000002089
:103DB8002DE9F0470D46811E022901D9BDE8F0879B
:103DC800C701DFF84C909246044640373C22002158
:103DD8001E4609EB07082D0408F1040002F07AFEDC
:103DE800BAFA8AF2520945EA427249F807200122D2
:103DF800C8F83860C8F80820002EDFD0034B10340C
:103E08001968A2400A431A60BDE8F0876490002050
:103E18000000002012048160C36101F5405342F0A4
:103E2800800210B40124426001F50052046001F5DB
:103E3800805401F58041C46081615DF8044BC0E99C
:103E480004237047831E0A46022B00D97047064B8D
:103E580000F110014FF0010C03EBC0100CFA01F156
:103E68004030FFF799BB00BF00000020831E0A46C0
:103E7800022B00D970470121024B814003EBC0108F
:103E8800FFF78ABB0000002040687047124A134BB6
:103E9800D2F8200220F07F40984210B584B002D2B8
:103EA80000EB800040000E4C01A90A22FFF71CFA23
:103EB80001A90023204611F8012B01333AB10A2B3E
:103EC80020F8022FF7D11623237004B010BD5B0031
:103ED800DBB2237004B010BD00441F4080969800E8
:103EE8001C84002000F0DCBA00F0ACBA00F010BB73
:103EF80000F0CABA00F066BB00F03CBB08461146A9
:103F080000F02CBBF8B5144C4FF0E025134E4FF4DD
:103F1800003204EB4024124F06EB40160346C5F866
:103F28008C2121463A883046FFF774FF3B882344AA
:103F3800BFF34F8FC5F85C4F2034A342FAD8BFF3C4
:103F48004F8FBFF36F8F03203146FFF78FFF4FF47A
:103F58000033C5F80C31F8BD80002020608B0020AC
:103F6800BC910020244B2DE9F0411C884368C569A9
:103F7800C3F30E43E41A002C24DD204920480A78B4
:103F88000078D3B21F4E82421F4807D010F8038032
:103F980036F81870C7F50072944218D90133002218
:103FA80026F81540082B194E88BF134626F8152009
:103FB80098BFDAB2C554164B0A701A6814441C60CC
:103FC800BDE8F0812846BDE8F041FFF79BBF07EB4D
:103FD8004820104922462744084401EB4521FFF7B1
:103FE800E9F80B4A284626F8187013682344BDE8F8
:103FF800F0411360FFF786BFBC910020C7910020F5
:10400800C8910020AC900020CC900020BC900020EB
:10401800A8900020800020201D4B1A78002A36D155
:1040280002F0FF031B4A12788AB32DE9F0411A4DBA
:104038002A8852B3194EC2F50068194F3278194CC4
:1040480007EB421704EBC224424638462146FFF7E5
:10405800E1FE04EB0802BFF34F8F4FF0E023C3F8F3
:10406800704F2034A242FAD8BFF34F8FBFF36F8F3F
:1040780004203946FFF7E6FE33780133DBB2032B21
:1040880088BF0023337000232B80BDE8F081704780
:10409800CC910020CE910020BE910020CB91002031
:1040A800608C0020801020202DE9F04F85B0CDE9EC
:1040B8000110002900F0BF800023604CDFF89881D0
:1040C800DFF898A15E4F009301235E4A23705E4B90
:1040D8001978B8F8003002EB4119002B40F0A7809E
:1040E8001E461D469B464846FFF7CEFE10F0800050
:1040F80000F08C80BFF34F8F9AF8003084F800B03E
:1041080005B93E68002B7DD13B689B1B782B00F2DC
:1041180087804E4B1B78002B74D000F09DFA01224B
:10412800B8F8003015462270002BDCD0464AC3F59B
:10413800006011781A4600EBC120454DC902284499
:10414800019D954217D20393DDE901512A46FFF7F5
:1041580031F8039B4FF040425B1BA8F800303D4B01
:10416800C3F88420BFF34F8F00980023284423709E
:1041780005B0BDE8F08F364BCD180299FFF71AF855
:1041880000234FF4006229464846FFF743FEBFF379
:104198004F8F05F1200205F50063934234BF0123D8
:1041A80040234FF0E02205EB4313C2F8705F20353F
:1041B800AB42FAD1BFF34F8FBFF36F8F042049464C
:1041C800FFF740FE204A13780133DBB2032B84BF8C
:1041D80000231D4A1370B8F80030019AD11A009ACA
:1041E8001A4401910092029A1A4400230292194A31
:1041F800A8F80030C2F88430BFF34F8F237000292D
:104208007FF462AF009805B0BDE8F08F4FF400620C
:104218000D4B8AF8000019781346A8F800208AE7A1
:10422800012300988AF8003005B0BDE8F08F1A46DF
:10423800C3F500607FE70198E5E700BFCC91002057
:1042480070910020608C0020CB910020CE9100203E
:104258008010202000002E40BE910020CA9100202E
:10426800704700BF2D4B002180222D4870B51B7868
:1042780000242C4D8B422C4E0CBF40234FF400736E
:104288002B80338002F026FC284A2146284B1470E4
:104298004FF4807227481C8002F01CFC264A10212B
:1042A800264B0220C2E90044C2E90244244AC3E979
:1042B80000441470234AC3E90244234B1C7023466C
:1042C80014602246FFF774FD2246318803201F4BF5
:1042D800FFF73CFD2346012229880420FFF768FDEB
:1042E80020460134FFF70EFE082CF9D1184B0021A7
:1042F8004A221848184C0460C3F88410C3F8802078
:10430800D3F84821154942F08072C3F8482121B1F9
:10431800134A137843F00103137070BDCF91002046
:10432800608C0020C0910020BC910020CB9100201F
:10433800BE910020608B0020AC900020BC90002033
:10434800C7910020A8900020C8910020651D00009A
:1043580000002E40B4910020191E0000000000004B
:10436800D19100202DE9F04F4FF0E0234FF40032B7
:10437800DFF8C8A083B0C3F88C218B469AF80040B8
:1043880000294FD08046E4B20027DFF8B490264BCE
:10439800ABEB070225491B78A34204F101043FD087
:1043A800092C234B404628BF00241E5D39F816C04F
:1043B8000CEB462319441F4B33F81650A5EB0C059C
:1043C800AA421CD20CEB462C18491B4C61440192A2
:1043D800FEF7F0FE216839F816505846019AA1EB0D
:1043E8000B012A44394429F8162021604FF0E023B4
:1043F8004FF40032C3F80C2103B0BDE8F08F2A4611
:104408002F44FEF7D7FE0C49E3B230460A68A844A9
:10441800521B0A608AF80030FFF774FDBB45B6D816
:104428003846E3E70846E1E7C791002080002020EE
:10443800CC900020AC900020A8900020C8910020CB
:10444800BC9000200B4B0C4A12781978D3B28A42E0
:104458000DD0013309480A4A092B0A4928BF00230D
:10446800C35C31F8131002EB4323585C70474FF0DC
:10447800FF307047C7910020C8910020CC900020E1
:1044880080002020BC900020044B10B51C680CB1A3
:10449800204610BD00F0E0F8204610BDA89000208E
:1044A8002DE9F84F144E154D33782A78934221D0D0
:1044B800DCB2DFF85090DFF850B0DFF85080104FD2
:1044C8000134082C5FFA84FA01D90024A24619F8AD
:1044D8000400DBF8003038F8102037F81010521AB2
:1044E8009B1ACBF80030FFF70DFD86F800A02B785B
:1044F800A342E5D1BDE8F88FC8910020C7910020FC
:10450800BC900020CC900020A8900020AC90002007
:1045180000B583B001210DF10700FFF723FF20B19B
:104528009DF8070003B05DF804FB4FF0FF30F9E792
:10453800094B00B583B01B788DF807003BB101210A
:104548000DF10700FFF7B0FD03B05DF804FB03F0C1
:10455800FF0003B05DF804FBCE910020044B1B78EC
:1045680003F0FF020BB1FFF79FBD1046704700BF75
:10457800CE9100202DE9F0410024DFF8448001238A
:104588000D4D27460D4E88F80030337828462035E3
:10459800A34204F1010405D0FFF776FC030658BFD7
:1045A80007F50067042CF0D1BFF34F8F002338467E
:1045B80088F80030BDE8F081608C0020CB910020A5
:1045C800CC9100202DE9F8431D4B1B7813B11D4DEC
:1045D8002A880AB9BDE8F8831B4EC2F500691B4951
:1045E80033784A461A4C01EB43181A4F04EBC3249C
:1045F800012340463B7021460023FFF70BFC04EBE8
:104608000902BFF34F8F4FF0E023C3F8704F2034F7
:10461800A242FAD8BFF34F8FBFF36F8F04204146F1
:10462800FFF710FC33780133DBB2032B88BF00237C
:10463800337000232B80BFF34F8F3B70BDE8F883A6
:10464800CE910020BE910020CB910020608C0020EC
:1046580080102020CC9100202DE9F8432D4B1E78A6
:1046680066B12D4F3B784BB90123F1073B7043D41A
:10467800B20726D400233B70730701D4BDE8F88342
:10468800264B1A68002AF9D0EFF30582002AF5D1E3
:10469800EFF3108572B61868002834D0204C2178C2
:1046A800002930D10122227042691A60002A2ED0D6
:1046B800916105B962B600258368457798472570EA
:1046C800DCE7DFF8648098F80030002BD2D00025B2
:1046D800DFF858902B4659F82340013523682046C7
:1046E8001B69984710B163699B68984798F8002040
:1046F800EBB29A42EFD8BDE7FFF7C6FE0028B7D065
:10470800AFF30080B4E7002DB8D162B6B6E7054B29
:104718001A60CEE7D1910020C4910020148D0020AA
:10472800C2910020208D0020C3910020248D0020FC
:1047380070B5EFF3108272B60C4C206880B10C4E45
:1047480000254369236073B19D6102B962B683682D
:1047580045779847EFF3108272B620680028F0D1A9
:1047680002B962B670BD3360EFE700BF1C8D002050
:10477800188D0020FFF7DCBF0449054A4968054B3E
:104788001960136801331360704700BF001000E020
:10479800709100206C91002000230F2248F2B82C61
:1047A800194610B54FF470444FF4806EA0F88C4150
:1047B8004FF46044A0F88E210A46A0F89031B0F872
:1047C80088319BB243F0F003A0F8883101EB410334
:1047D800013100EB431304299C80A3F806E05A84B6
:1047E8001A865A805A81A3F80EC05A82DA825A83EE
:1047F800DA83EBD1B0F888319BB243F00F03A0F80D
:104808008831B0F888319BB243F47063A0F88831DE
:1048180010BD00BF374B384A996F384841F47F01C3
:1048280070B5996741F20106D3F8801045F6C05576
:1048380043F226040A43C3F88020FFF7ADFF00F5D2
:104848008040FFF7A9FF00F58040FFF7A5FF00F5BE
:104858008040FFF7A1FF0022A0F503104FF00F0ED4
:10486800114600EB42134FEA421C01329981042A97
:104878005981A3F80EE09E82DD8020F80C10198281
:104888009C81EED100221E484FF00F0E41F2010626
:10489800114645F6C05543F2260400EB42134FEA91
:1048A800421C01329981042A5981A3F80EE09E82A4
:1048B800DD8020F80C1019829C81EED1002211486D
:1048C8000F2641F20105114645F6C05443F2260E63
:1048D80000EB42134FEA421C01329981042A5981A4
:1048E800DE819D82DC8020F80C101982A3F80CE090
:1048F800EED170BD00C00F40000003FC00C03D4079
:1049080000001E4000401E40074A506A936A19463C
:104918008446506A936A9942F9D18445F7D1DB0BF2
:1049280043EA4040704700BF00400D4008B5D0E959
:1049380000325BB1BAB10F4BA3FB0213DB0803EBE8
:104948004303B2EB83030AD1012008BD094BA3FB43
:104958000213DB0803EB4303B2EB830301D0D21A43
:104968004260F02AF0D802F0EBF91C22034600203E
:104978001A6008BDABAAAAAA70B5044638B319B123
:10498800B2FA82F67609A2B9206800B36268F2B179
:10499800184B194902FB03F3B1EBB30F17D3A36804
:1049A800E3B90022012322606260A260E260184637
:1049B80070BD1D46049BC0E90012C360FFF7B6FF37
:1049C80003460028F3D06DB90123184670BD02F0E4
:1049D800B7F9162200230260184670BD002102F0C4
:1049E80079F8DEE7626831462068A56002F072F85F
:1049F8000123DCE7ABAAAAAA555555150346084674
:104A0800194601F027BE00BF53B94AB9002908BFAB
:104A180000281CBF4FF0FF314FF0FF3000F070B995
:104A2800ADF1080C6DE904CE00F006F8DDF804E0FD
:104A3800DDE9022304B070472DE9F047089E0D46D2
:104A480004460F46002B4AD18A42944665D9B2FAE9
:104A580082F343B102FA03FCC3F120029F4020FA1B
:104A680002F217439C404FEA1C4E1FFA8CF5B7FB25
:104A7800FEF1220C0EFB117742EA074201FB05F01A
:104A880090420AD91CEB020201F1FF3780F01C8129
:104A9800904240F2198102396244121AA4B2B2FB60
:104AA800FEF00EFB102244EA024400FB05F5A54285
:104AB8000AD91CEB040400F1FF3280F00781A542FB
:104AC80040F204816444023840EA0140641B00213A
:104AD8001EB1DC400023C6E90043BDE8F0878B42E5
:104AE80008D9002E00F0ED800021C6E9000508462F
:104AF800BDE8F087B3FA83F1002949D1AB4202D36C
:104B0800824200F2F880841A65EB030201201746FE
:104B1800002EE2D0C6E90047DFE702B9FFDEB2FAAD
:104B280082F3002B40F090808A1A4FEA1C471FFA44
:104B38008CFE0121B2FBF7F507FB1520220C42EA97
:104B480000420EFB05F0904208D91CEB020205F169
:104B5800FF3802D2904200F2CB804546121AA4B226
:104B6800B2FBF7F007FB102244EA02440EFB00FEFA
:104B7800A64508D91CEB040400F1FF3202D2A64571
:104B880000F2BB801046A4EB0E0440EA05409FE704
:104B9800C1F120078B4022FA07FC4CEA030C05FA06
:104BA80001F420FA07F3FD404FEA1C492343B5FB03
:104BB800F9F81FFA8CFE09FB18551C0C44EA054449
:104BC80008FB0EF5A54202FA01F200FA01F00BD932
:104BD8001CEB040408F1FF3A80F08880A54240F2FB
:104BE8008580A8F102086444641B9DB2B4FBF9F304
:104BF80009FB134445EA044403FB0EFEA64508D905
:104C08001CEB040403F1FF356CD2A6456AD9023BBC
:104C1800644443EA0843A3FB0295A4EB0E04AC42A8
:104C2800C846AE4656D353D056B1B0EB080264EB33
:104C38000E0404FA07F7CA40CC401743C6E90074CB
:104C480018460021BDE8F087C3F1200102FA03FCF1
:104C580020FA01F225FA01F19D402A434FEA1C4748
:104C68001FFA8CFEB1FBF7F007FB1015110C41EA97
:104C7800054100FB0EF58D4204FA03F408D91CEB3C
:104C8800010100F1FF382FD28D422DD9023861443D
:104C9800491B92B2B1FBF7F507FB151142EA014235
:104CA80005FB0EF1914208D91CEB020205F1FF3811
:104CB80016D2914214D9023D6244521A45EA004183
:104CC80038E73146304608E73946E6E61046FBE65F
:104CD8004845A9D2B9EB020865EB0C0E013BA3E7E6
:104CE8004546EAE72B4694E74046D1E7D0467BE7BE
:104CF800023D624432E708460AE76444023842E764
:104D0800704700BF024B0146186800F00BB800BF9F
:104D1800C8810020024B0146186802F0E3BA00BFC0
:104D2800C88100202DE9F04F01F10B06162E83B043
:104D3800044624D8102900F2BA8000F0A3FA1026FD
:104D480018220220B54F3A44A2F1080153688B4259
:104D580000F0BA805A68D96822F003021A449D68A4
:104D6800E9608D60516841F001012046516003F10E
:104D7800080500F08DFA284603B0BDE8F08F36F03C
:104D8800070600F19480B14200F2918000F07AFAAF
:104D9800B6F5FC7FC0F09A81730A00F08F80042B6F
:104DA80000F26F81B30903F1390003F1380CC30035
:104DB8009A4F3B44A3F108055B689D4206D10CE07D
:104DC800002980F22781DB689D4206D05A6822F0CC
:104DD8000302911B0F29F3DD60463D69DFF850C2DD
:104DE80065457CD06A6822F00302931B0F2B00F301
:104DF8007B81002BC7E904CC80F26C81B2F5007F7F
:104E080080F01A81D308796801334FEA521E0122D3
:104E180002FA0EF20A4357F833E0C5F808E007EB48
:104E2800C3010839E9607A6047F83350CEF80C506E
:104E3800831001219940914257D8114206D120F0A0
:104E480003004900114200F10400FAD007EBC00941
:104E58004D468646D5F80C80454508D11DE1002B06
:104E680080F22481D8F80C80454500F01681D8F8E6
:104E7800042022F00302931B0F2BF0DD2046D8E913
:104E8800025408EB060146F00106C8F80460EC601D
:104E9800A56043F00104C7E90411C1E902CC4C60E4
:104EA80048F8023000F0F4F908F1080502E00C2394
:104EB80023600025284603B0BDE8F08F4FF4007347
:104EC80040204FF03F0C73E7D3689A4208BF023086
:104ED8007FF440AF3D69DFF858C1654582D17A68F3
:104EE8008310012199409142A7D9BD686B6823F0CE
:104EF80003094E4503D8A9EB06030F2B7ADCDFF82C
:104F080034B1474BDBF800201B680132334405EB12
:104F1800090A00F0338103F580530F3323F47F68C7
:104F280028F00F084146204601F0E2FE411C0246E7
:104F380000F0F380824500F2EE803A4B1968414454
:104F48001960084600F04E81DBF80010019301312A
:104F58001BBFA2EB0A010918CBF80020196012F058
:104F6800070B00F01781CBF108010A44CBF58051FB
:104F780090440831A1EB0801C1F30B0A51462046C1
:104F8800009201F0B5FE421CDDE9002300F04F81DC
:104F9800801A00EB0A081968BA6048F00100514409
:104FA800BD425060196000F02981B9F10F0F40F23D
:104FB80027816868A9F10C0C2CF0070C00F001009F
:104FC80040EA0C0068604FF0050E05EB0C00BCF1E0
:104FD8000F0FC0E901EE00F2328150681546124BFE
:104FE8001A688A4238BF1960104B1A688A4238BF5B
:104FF800196094E0AA1943F0010346F001066E60B7
:105008002046BA60536000F043F90835284603B0DB
:10501800BDE8F08FD9681A44A1E600BFAC7D002036
:10502800188F0020E88E0020108F0020148F002099
:10503800B47D0020B4810020B2F5206F4FEA5223DE
:1050480063D3142B00F2B78003F15C01C9005B3312
:1050580007EB010E7958AEF1080E8E4500F09180ED
:105068004B6823F00303934202D989688E45F7D130
:10507800D1F80CE07A68C5E9021ECEF80850CD6078
:10508800D6E6142B59D9542B00F29D80330B03F12B
:105098006F0003F16E0CC3008AE60EF1010E1EF0DC
:1050A800030F05F108057FF4D5AE51E042444546AB
:1050B8005368D8F80C1043F00103536055F8083FC3
:1050C8002046D9608B6000F0E3F8F3E6F00806F1BB
:1050D800080237E62A442046536843F00103536028
:1050E800083500F0D5F8E5E6A919204646F001068E
:1050F80043F001046E60C7E90411C1E902CC4C60B9
:10510800AB5000F0C5F80835D4E6930903F139012E
:10511800C90038339CE7BD425FD0BD68686820F09D
:1051280003084645A8EB060302D80F2B3FF762AFEA
:10513800204600F0ADF80025BCE603F15C0003F161
:105148005B0CC30034E659F808394B4540F09680AB
:1051580010F0030F00F1FF30F5D17B6823EA01035B
:105168007B60490099423FF6C0AE19B9BDE64900D7
:105178000EF1040E1942FAD0704667E603F11008E2
:10518800D0E69A104FF001087B6808FA02F21A4339
:105198007A6070E702EB08014942C1F30B0A5146F5
:1051A8002046009201F0A4FD431CDDE900237FF4B2
:1051B800EFAEDA46EFE6542B25D8130B03F16F0157
:1051C800C9006E3344E7B3F5AA7F25D8F30B03F182
:1051D800780003F1770CC300EAE5294B18684044CE
:1051E8001860B1E6CAF30B0CBCF1000F7FF4ACAE4B
:1051F800BD68C84448F001006860F0E61546EEE670
:105208000123536094E7B3F5AA7F23D8D30B03F1A6
:105218007801C90077331BE740F25452934223D8F0
:10522800B30C03F17D0003F17C0CC300C0E5ABF1C6
:10523800080BD844A8EB02084FF0000AABE605F1CA
:1052480008012046009302F04DF8BD68009B68688D
:105258001968C4E640F254518B420BD8930C03F101
:105268007D01C9007C33F3E64FF47E737F204FF055
:105278007E0C9DE54FF47E717E23E9E67B6870E73E
:10528800E88E0020014801F089BD00BFE08E0020B3
:10529800014801F085BD00BFE08E002010B4044C29
:1052A80003460A4620685DF8044B194600F002B828
:1052B800C88100202DE9F84F1746002900F0988092
:1052C8000C4607F10B058046FFF7DCFF162D54F856
:1052D800041C5BD810252A46AF425CD821F003068F
:1052E8009642A4F1080962DABC4BD3F808C009EB6E
:1052F8000600844500F09780D0F804C02CF0010324
:1053080003445B68DB0768D42CF0030C06EB0C0342
:10531800934247DACB0710D454F8083CA9EB030AA8
:10532800DAF8043023F003018C44B444944580F245
:1053380011817318934280F2E88039464046FFF79E
:10534800F1FC0746E0B154F8043C23F001034B4458
:10535800A0F10802934200F0D280321F242A00F202
:10536800F580132A00F2AC800346224611681960C2
:105378005168596092689A602146404601F0B2FF30
:105388004046FFF785FF3846BDE8F88F25F007054A
:10539800002D2A46A0DA0C23C8F80030002738462A
:1053A800BDE8F88F1E46D0E90223D3609A60731BCC
:1053B8000F2B22D8D9F8043003F0010333434E44AD
:1053C800C9F80430736843F0010373604046274608
:1053D800FFF75EFF3846BDE8F88FC907ADD454F82B
:1053E800083CA9EB030ADAF8041021F00301A0E74E
:1053F800BDE8F84F1146FFF795BCD9F8042009EB32
:10540800050102F001024E4443F001032A43C9F8A2
:1054180004204B60736843F0010308317360404611
:1054280001F060FFD2E7DCF8040020F0030B06EB84
:105438000B0C05F1100084454DDAC9073FF57DAF27
:1054480054F8081CA9EB010ADAF8041021F003014A
:105458008B44B34458453FF76CAF5746DAF80C1005
:1054680057F8080F321F242AC160886000F2DB80D9
:10547800132A40F2D6802168CAF808106168CAF871
:105488000C101B2A00F2DF8008340AF11002216890
:10549800116061685160A16891600AEB0501ABEB8E
:1054A800050242F0010299604A60DAF8043003F01C
:1054B80001032B434046CAF80430FFF7E9FE6EE7C4
:1054C80023680360636843601B2A68D804F10802F4
:1054D80000F108034AE709EB05029A60ACEB050303
:1054E80043F00103536054F8043C03F001032B43D9
:1054F800404644F8043CFFF7CBFE27464FE750F8F8
:10550800043C23F003031E4451E75746DAF80C1015
:1055180057F8080F321F242AC16088604CD8132A14
:1055280048D92168CAF808106168CAF80C101B2A03
:1055380056D808340AF110021E46236813606368BF
:105548005360A3689360D1463C4630E7214601F09A
:1055580045FA11E7D0E902135746CB60996057F82E
:10556800081FDAF80C30CB60321F242A99602DD836
:10557800132A29D92368CAF808306368CAF80C3096
:105588001B2A42D808340AF1100322681A6062689C
:105598005A60A2689A606646D1463C4607E7A36807
:1055A8008360E368C360242A26D004F1100200F166
:1055B8001003DBE63A46BFE7214638461E46D14689
:1055C80001F00CFA3C46F2E63B46DEE72146384657
:1055D8006646D14601F002FA3C46E8E6AC7D00207A
:1055E800A168CAF81010E168CAF81410242A20D05B
:1055F80010340AF118029FE7236903616169416168
:1056080004F1180200F11803B0E6A368CAF81030D4
:10561800E368CAF81430242A21D010340AF1180398
:10562800B3E73A4633E72146384601F0D7F9164B37
:1056380033E72269CAF818206269CAF81C201834AE
:105648000AF1200278E7A168CAF81010E168CAF8E0
:105658001410242A0DD010340AF1180217E7236910
:10566800CAF818306369CAF81C3018340AF12003E4
:105678008BE72269CAF818206269CAF81C20183416
:105688000AF1200203E700BFAC7D00200000000003
:105698002DE9F04F2DED108B97B08A460021079227
:1056A800129100220021CDE9041280465146119141
:1056B8000F4611F8012B2D2A5ED801A050F822F0D0
:1056C8006136000079350000793500007935000031
:1056D800793500007935000079350000793500000A
:1056E80079350000AF340000AF340000AF3400005B
:1056F800AF340000AF340000793500007935000080
:1057080079350000793500007935000079350000D9
:1057180079350000793500007935000079350000C9
:1057280079350000793500007935000079350000B9
:1057380079350000793500007935000079350000A9
:10574800AF34000079350000793500007935000064
:105758007935000079350000793500007935000089
:105768007935000079350000793500009B3C000050
:1057780079350000873C000000210991302A7DD04E
:10578800002308932F2A144640F2CD844FF00009D5
:1057980038464E464D4612E00130082D1190C8BFDC
:1057A80009EB89090478C6BF02EB4902A2F1300966
:1057B800A3F130062F2C05F1010522466FDD06EB1B
:1057C8008603392C02EB4303E6DD9F49012201F0F1
:1057D800D3F9002837D1119B1A4601331193547815
:1057E800002D40F04385302C40F02485C3F10102A0
:1057F8009818013311931C78302CF9D0A4F1310397
:10580800082B00F20183119F431CA4F1300B0B936A
:105818000125BC464FF0000E06EB86060BEB46064C
:1058280000200CF1010311939CF80140A4F1300110
:10583800092900F2BB8201308B46002940F04F84D1
:10584800DDF844C0EDE70020652CAE460B90844699
:1058580001D0452C30D1002D6BD1089B034367D173
:10586800079B9FED778B13B1079BC3F800A0B0EEA1
:10587800480B17B0BDEC108BBDE8F08F7A7802F0BA
:10588800DF02582A00F00C84013711973A78302A41
:10589800FAD0002A00F0B7800123089372E76A491A
:1058A800012201F069F9002800F0C080AE464FF0EF
:1058B800000CCDF82CC060464FF0000B002D7ED0B8
:1058C80007EE906A0B9BB8EE677BABEB0303BEF168
:1058D800000F08BFAE46102D0A932B46A8BF102311
:1058E800092D8DED047B0CDD584A02EBC30212ED45
:1058F800125B06EE909AB8EE666BA7EE056B8DED1F
:10590800046B0F2D00F3A8800A9A002A00F0E483A4
:105918000A9A40F33C83162A40F398840A99C5F101
:1059280025028A4280F2A6840A9AEB1A134499E067
:105938000025DDF844A00AF1010311939AF801400B
:105948002B2C00F05E822D2C00F0F78100230A93A7
:10595800A4F13003092B00F2EB81302C05D1119B07
:10596800013311931C78302CFAD0A4F13103082BA1
:10597800A2D8119A0C92531C1193A4F1300B5478AD
:105988002F2C07DCDEE3013311934C782F2CA2F186
:10599800300B06DD0BEB8B02392C194604EB420267
:1059A800F1DD0C9A9B1A082B40F3CC8344F61F6B4D
:1059B8000A9B002B82D0CBF1000B002D80D1089BD5
:1059C800034320D1BCF1000F7FF44AAF692C00F0EB
:1059D800CF8300F3F382492C00F0CA834E2C7FF466
:1059E8003FAF1B4911A802F09FF800283FF438AFD9
:1059F800119B1B78282B00F0F284164801F0D0FB8D
:105A0800B0EE408B01E09FED0E8B079A0AB1119B17
:105A18001360099B002B3FF42AAFB1EE488BB0EE20
:105A2800480B17B0BDEC108BBDE8F08F119B0B90A5
:105A38005A1C11925C78AE46F8E600BFAFF30080BE
:105A48000000000000000000D0070020A80200208D
:105A5800E00700203C0400200A9AEB1A1344002BAC
:105A680040F3B08213F00F010AD0C34A02EBC1021F
:105A78009DED046B92ED007B27EE067B8DED047B9C
:105A880033F00F0240F038820023089300962B462B
:105A980072463946404602F0D3F98146002800F0A4
:105AA800E1820B9BA3EB0B0B0A9B9FEDA9EB002B51
:105AB8009FEDA9CB9FEDAADB9FEDABBBB4BF5A46C8
:105AC80000224FF0000A23EAE3730B920C9354462A
:105AD800D9F80410404602F031F90646002800F0D3
:105AE8000E81D9F810209DED048B0232920009F145
:105AF8000C010C30FDF75EFBB0EE480B14AA13A99D
:105B0800404602F059FD1290002800F0E48001217F
:105B1800404602F03DFA0446002800F0F080139A4F
:105B2800002AC0F2DE800B9B0C9F02EB030B089B44
:105B3800149DD21A2A44914B013A9A42C5F136056E
:105B480080F29880991A1F29A5EB010500F3E380DC
:105B5800012202FA01F30D9300230E932F44089BB0
:105B68005D44AB455A461F44A8BF2A46BA42A8BF5F
:105B78003A46002A03DDAD1ABF1AABEB020B0B9BAA
:105B8800002B00F38880002D00F39C800A9B002BDB
:105B980000F3B780002F00F3A980BBF1000F08DDE8
:105BA80021465A46404602F02FFB0446002800F0E2
:105BB800A68012993246404602F0C0FB8246002871
:105BC80000F09D800023C568C360214602F094FB65
:105BD8000028C0F2C78300F061832146504602F0D6
:105BE80055FDB0EE007BB4EEC70BF1EE10FA46D8C7
:105BF800002D00F0CB80B7EE009B0598604B00228B
:105C08006049DFF884C100EA0107674500F0D480E5
:105C1800089959B1B7F1D46F08D8B4EECB9BF1EE1F
:105C280010FA40F2568103F1D661CB1BB0EE480B57
:105C380043EC1A2B02F02CFCAAEE008B8DED048BA2
:105C480018EE903A089A22B94E4A1A40974200F044
:105C5800E4801299404602F097F83146404602F037
:105C680093F82146404602F08FF85146404602F02C
:105C78008BF82DE701230021CDE90D316EE7B6EE53
:105C8800009B20EE099B002D5FD1B1EE497B059862
:105C980053EC172BB4E721461A46404602F054FA53
:105CA800044660B30146129A404602F09FF930B3A9
:105CB8000F901299404602F067F80F9A1292002D41
:105CC8007FF764AF12992A46404602F09DFA129077
:105CD80000287FF45BAF22239FED258BC8F80030A6
:105CE800BCE00C9BDDF82CB09F1A20E731463A4601
:105CF800404602F089FA064600287FF44EAF129813
:105D0800E9E731460C9A404602F01EFA064600289A
:105D18007FF440AFF3E7C2F17F4202F57F0202F55C
:105D28007B420121E23201FA02F3CDE90D1315E7B6
:105D3800CDF844A04FF0000BC0E501230A930AF107
:105D4800020311939AF8024002E6B0EE497B9EE7FF
:105D58009535A094FFFFCF3F9535A094FFFFDF3F17
:105D680035E5AF350000E03F0000C0FFFFFFDF4131
:105D7800000000000000F07FA802002002FCFFFFE6
:105D88000000F03F0000F07F0000E07FDDE9041232
:105D9800002900F08580DDE90412012900F0D8818E
:105DA8001046B74BB7EE009B002229E7652C4FF051
:105DB800010C3FF4BEAD4CE543EC1A2BA0F1547333
:105DC80005939DED04FBB0EE4F0B02F061FBAD496E
:105DD800AAEE00FB1FEE903AAB4A194091428DEDB6
:105DE80004FB72D9A94B18EE902A9A4203D118EEF7
:105DF800103A013383D0A54A4FF0FF33CDE904327E
:105E080027E700230A939AE7652C00F0D080452CF9
:105E180000F0CD804FF0010CD1E551EC190B0D933A
:105E280009F064FB09F034FB049B1D430D9B41EC16
:105E3800170BC3F313031D4339EE479B00F0A080F3
:105E4800B4EECC9BF1EE10FA05D4B4EECD9BF1EE96
:105E580010FA7FF7FEAE9DED048B1298014640467E
:105E680001F092FF3146404601F08EFF2146404640
:105E780001F08AFF4946404601F086FF51464046F8
:105E880001F082FFC1E501220992791C11917A780B
:105E9800002A3FF4E5AC0F4670E400220992F4E7CB
:105EA800C2F313031046002B7FF47BAFB7EE007BE1
:105EB800B4EEC70BF1EE10FA00F1D381B6EE009BF9
:105EC80020EE099BB1EE497BE2E603F1547305939A
:105ED800B8E6BCEEC99B19EE103A012B38BF012376
:105EE80009EE103AB8EE499B002D40F03E81B1EE24
:105EF800497B53EC172B96E6B2F59A7F00F3B280F4
:105F0800102A4FEA221340F38682614C9DED047BF0
:105F180000202246014613F0010F01F101014FEA6A
:105F2800630304D092ED006B012027EE067B012B62
:105F380002F10802EFD108B18DED047B059BA3F1B6
:105F48005473059304EBC1049DED046B94ED007B41
:105F58004C4B27EE067B17EE902A4E4913408B4296
:105F68008DED047B7ED8A1F580118B4240F2D6815D
:105F7800464C4FF0FF33CDE904340023089385E500
:105F8800B4EECE9BF1EE10FA7FF563AE63E71632FE
:105F9800FFF662AD0B9BA3EB0B0B3F4B03EBCB0365
:105FA80093ED007B9DED046B86EE078B2DE54FF09E
:105FB800000ECDF82CE04FF0010C4EE46E2C3FF4AF
:105FC80010AD4DE43FF460AD5B4213F00F010AD011
:105FD800314A02EBC1029DED046B92ED007B86EE27
:105FE800077B8DED047B1B113FF44EAD1F2B33DC7B
:105FF80013F0100218BF6A229DED047B0892274A0D
:106008000021D80704D592ED006B012127EE067B0D
:106018005B1002F10802F4D109B18DED047B089BF5
:1060280093B1DDE90401C1F30A52C2F16B03002BFD
:106038000ADD1F2B40F32F820020342B049040F3FD
:1060480040824FF05C7305939DED047BB5EE407B79
:10605800F1EE10FA7FF41AAD22239FED058BC8F8F4
:106068000030D2E422239FED048BC8F80030CCE442
:106078000000000000000000000000000000F07FA9
:106088000000F0BF0000F07FFFFF9F7CFFFFEF7F65
:10609800800200200000A07CA802002070030020DD
:1060A8000293099B019312AB0093A74A13AB11A962
:1060B800404601F06FFA10F00F0504463FF4A3AC18
:1060C800062D74D1079B9FED9A8B0137002B3FF467
:1060D800CEAB1F60FFF7CBBB9DED048B95E40B9B0C
:1060E800DDF844C003440B93012805F101031A4667
:1060F80014D02844441E03E046009C420DD00133CE
:106108002A46082A1D4606EB8600F5D9102BDCBF67
:1061180009EB89094FEA4909EFE70232082D3CDC0F
:106128001546FFF779BB89490122384600F024FD5E
:10613800002800F082804FF0000EF1467646754642
:10614800FFF7B5BB44F61F639B45A8BF9B462FE4EA
:10615800DDE904231846002B7FF423AE22239FEDAC
:10616800748B1298C8F8003078E6B0EE497BC0E628
:10617800774911A801F0D8FC00283FF471AB119BB6
:106188007449013B11A8119301F0CEFC10B9119B81
:10619800013311939FED688B37E4102ADCBF09EBBC
:1061A800890901EB490915460020FFF73ABB129A05
:1061B8003AB1352114A802F09BFA1299404601F031
:1061C800E3FD013D139B042D00F28F81DFE805F00C
:1061D800032D2A1F0300149A049203F23342159BDD
:1061E80023F4801343EA02530593E50502D543F0EF
:1061F80000430593584A1A409DED048B002A7FF40A
:1062080004AC00F09DFD22230360FFF7FEBB4FF0B6
:10621800FF336FF00046CDE90436E3057FF55CAF48
:10622800059BE4E74C4B0593F7E7149B0493159BF8
:106238000593DAE70020FFF7E1BA119B1A4601330C
:106248001193547806468146FFF7CDBA434B03EBCA
:10625800C20393ED008B9DED047B28EE078BFFF7BF
:10626800D4BBBEEE007BB6EE009B11E5AE460B90AC
:10627800FFF7DCBA394BC5F10F054A1B03EBC5051F
:1062880003EBC20395ED008B93ED007B9DED046B52
:1062980028EE068B28EE078BFFF7B7BB002D00F022
:1062A8009580DDE904BC2E4BCCF31301994262467C
:1062B80000F0D2800E9B002B00F0A580DDE90412CF
:1062C800134217461AD0B0EE480B002D00F0A680F6
:1062D80002F0DEF8089B7BB1C7F30A53C3F16B03E6
:1062E800002B09DD1B0503F17F51002001F540114A
:1062F80041EC170B20EE070B38EE008B089B5BB1C7
:106308009FED0F7B144B28EE078B18EE902A134055
:1063180013B92223C8F8003012989FE502F154738C
:10632800059300230893FFF7B1BB00BFAFF30080CC
:106338000000000000000000000000000000F07FE6
:106348000000000000005039D4750020D00700205C
:10635800D4070020D80700200000F07FA802002002
:10636800FFFF0F00DDE904120D43C7D1C2F3130389
:106378001746002BC2D122F000431B0D1B05B3F1B9
:10638800D66FBBD9DAF814301BB9DAF81030012B04
:10639800B4DD51460122404601F036FF21468246CF
:1063A80001F0AAFF0028A9DD089B002B7ED1504BE5
:1063B8003B40A3F580136FEA13536FEA0353059329
:1063C8004FF0FF3304939DED048B97E7DDE904124A
:1063D800C2F313030B4317467FF46CAFE4E7454958
:1063E80011A814AA01F0BCFB05287FF406AB159B85
:1063F80043F0FF4343F4E0030593149B04939DED9E
:10640800048BFFF702BBDDE904010D9B03423FF457
:1064180075AF0F4657E7384C00218FE502F038F882
:10642800089B002B55D0C7F30A53C3F16B03002B0D
:1064380009DD1B0503F17F5101F54011284641ECA8
:10644800170B20EE070B38EE408BB5EE408BF1EEC4
:1064580010FA7FF455AF81E6089B04991BB3244BCF
:106468001340B3F1D46F1ED81B0DC3F16B034FF06B
:10647800FF3000FA03F399427FF41CAF1F4B9A4296
:1064880030D01B4B134003F580130593002304936E
:106498009DED048B32E74FF0FF3202FA03F3049AC2
:1064A8001A400492D0E54FF0FF33E4E7104B3B402D
:1064B800B3F1D66F3FF77DAFB3F15C7F3FF720AF05
:1064C8004CE6C2F14B024FF0FF3393400B4005936B
:1064D800BAE538EE408BB5EE408BF1EE10FA7FF45A
:1064E8001BAF3BE60131CCD109E400237DE600BFB8
:1064F8000000F07FE875002080020020FFFFEF7F9A
:10650800014BFFF7C5B800BF407C0020012B2DE9E7
:10651800F84F40D0242B98463DD84C4D8E467646B1
:106528001EF801BB15F80B4014F00804F7D1BBF1B5
:106538002D0F72D0BBF12B0F08BF9EF800B06FF083
:10654800004908BF06F1020E002B42D0102B57D08D
:10655800B9FBF8F700252E4608FB179A05E033D05B
:1065680008FB06C601251EF801BBABF1300CBCF1D7
:10657800090F06D9ABF1410CBCF1190F12D8ABF1D8
:10658800370C634517DDB5F1FF3FECD0B742E6D2D3
:106598004FF0FF35E7E700F0D3FB16230360002038
:1065A800BDE8F88FABF1610CBCF1190F03D8ABF162
:1065B800570C6345E7DC6B1C27D08CB90AB1A5BB27
:1065C80011603046BDE8F88FE245C9DA4FF0FF3573
:1065D800C9E7BBF1300F05D04FF00A084346B7E7CB
:1065E8007642EBE79EF8003003F0DF03582B21D109
:1065F8004FF010089EF801B043460EF1020EA7E7CF
:10660800BBF1300F1AD09846A2E72223036072B17B
:106618000EF1FF314E461160D3E79EF800B04FF0FF
:10662800004906F1020E01248EE7B146F0E74E4616
:106638003046C7E74FF00808434689E79EF8005000
:1066480005F0DF05582DD3D0984681E74D06002088
:10665800FFF75CBF13460A460146022000F0AEBDB4
:10666800024A0349034800F0BBB800BFBC810020C0
:1066780065990000307700200C4B4168994210B5AD
:10668800044601D005F06EFAA168094B994202D080
:10669800204605F067FAE168064B994204D0204687
:1066A800BDE8104005F05EBA10BD00BF1C8F002089
:1066B800848F0020EC8F00202DE9F8432A4C2B4BC7
:1066C8002B48DFF8C090DFF8C0802A4F18600025FB
:1066D80004230822294604F15C00274E6566C4E9B4
:1066E8000253C4E90055C4E90455A56100F0F2F964
:1066F800224B63670822294604F1C400C4E907490C
:10670800C4E90987C4E91A55C4E91E55C4F8CC5030
:106718002567C4F88050E66200F0DCF9184BC4F82D
:10672800DC30294604F16803082204F59670C4F8A1
:106738008430C4E92298C4E92476C4E93455C4E90C
:106748003855C4F83451C4F8D850C4F8E85000F0AB
:10675800C1F904F1D003C4E93C98C4E93E76C4F811
:10676800EC30BDE8F88300BF1C8F00205490002057
:1067780061440000E94600000947000009000100E3
:106788001200020081460000A946000010B5044628
:106798000A4800F003FB636B23B9094B094A1B68DD
:1067A800626323B1BDE81040044800F0F9BAFFF76E
:1067B80083FFBDE81040014800F0F2BAE48E0020E3
:1067C8005490002079440000014800F0E7BA00BF67
:1067D800E48E0020014800F0E3BA00BFE48E0020F8
:1067E8002DE9F84380460F4616464FF00009D6E9D2
:1067F8000154013D11D4A389012B05F1FF3508D9B6
:10680800B4F90E300133214603D04046B84749EA6F
:1068180000096B1C04F16804EDD13668002EE6D13E
:106828004846BDE8F88300BF0EB410B59FB021AC50
:106838004FF4017154F8042B0192ADF81C10049028
:10684800089000F03DFC059009900B480B490C910D
:1068580000234FF6FF7C10931593019A0068ADF85A
:106868001EC0234604A9039403F054FD1FB0BDE8DD
:10687800104003B0704700BFC8810020A546000043
:1068880010B50C46B1F90E1000F01CFA002803DB15
:10689800236D0344236510BDA38923F48053A3818A
:1068A80010BD00BF002070472DE9F0410C46B1F93A
:1068B8000C101F46CB05054616460BD421F4805113
:1068C800A1813B46B4F90E1032462846BDE8F04196
:1068D80000F020BAB4F90E100223002200F0DCF90F
:1068E800B4F90C10EAE700BF10B50C46B1F90E1068
:1068F80000F0D2F9A389421C0EBF23F4805343F45D
:1069080080532065A38110BDB1F90E1000F0B2B913
:10691800F0B5ADF5057D04AF009313464FF4007252
:106928000E460392394603AA054600F025F888B1B9
:1069380004460246039B3146284600F0EBF9BC4268
:10694800039004D02846214600F0CCFC03980DF5AE
:10695800057DF0BD4FF0FF30F9E700BF10B4054CDE
:106968008446134620685DF8044B0A466146FFF7E3
:10697800CFBF00BFC881002030B5146815469BB052
:106988001A4609B1002C19D100214FF42273ADF831
:106998000C30009104914FF6FF7302910591ADF808
:1069A8000E3069461E9B01F013FF002813DB009B85
:1069B800286000221A7004981BB030BD4FF4C163E0
:1069C80000910491ADF80C302146E4DA8B23036082
:1069D80000201BB030BD0020EEE700BF88420DD973
:1069E8008B1883420AD900EB020CBAB1624613F83D
:1069F80001CD02F801CD9942F9D170470F2A0ED87E
:106A0800034602F1FF3C4AB10CF1010C013B8C44F6
:106A180011F8012B03F8012F6145F9D1704740EABD
:106A280001039B0750D1A2F1100370B501F1200CAE
:106A380023F00F0501F1100E00F11004AC441B09FE
:106A48005EF8105C44F8105C5EF80C5C44F80C5C72
:106A58005EF8085C44F8085C5EF8045C44F8045C82
:106A68000EF1100EE64504F11004E9D1013312F0DD
:106A78000C0F01EB031102F00F0400EB031327D0F6
:106A8800043C24F003064FEA940C1E441C1F8E4657
:106A98005EF8045B44F8045FB442F9D10CF10104D8
:106AA80002F0030203EB840301EB840102F1FF3CD3
:106AB8004AB10CF1010C013B8C4411F8012B03F88D
:106AC800012F6145F9D170BD02F1FF3C03469BE7F8
:106AD8002246EBE7830730B548D0541E002A3FD042
:106AE800CAB2034601E0013C3AD303F8012B9D07E3
:106AF800F9D1032C2DD9CDB245EA05250F2C45EA4D
:106B0800054536D9A4F1100222F00F0C03F1200E2E
:106B1800E6444FEA121C03F1100242E9045542E927
:106B2800025510327245F8D10CF1010214F00C0F25
:106B380003EB021204F00F0C13D0ACF1040323F0A2
:106B480003030433134442F8045B9342FBD10CF073
:106B580003042CB1C9B21C4403F8011B9C42FBD1AD
:106B680030BD64461346002CF4D1F9E703461446B9
:106B7800BFE71A46A446E0E7002A3ED040EA0103F0
:106B88009B0730B584462FD1032A2DD90B4608E040
:106B9800043A8446194625D01EF0803F22D1032AA4
:106BA80022D90468194653F8045BA4F1013EAC42AB
:106BB80084462EEA040E00F10400E9D09CF8000097
:106BC8000C78A0421BD1E64668B11EF8010F11F8F7
:106BD800014FA2EB0E03A04203F1FF330FD11CEBD0
:106BE8000303F1D1002030BD9CF800000C788442EA
:106BF80005D1012AF6D0E646E6E710467047001BA5
:106C080030BD00BF40EA01039B0730B501D1032A1C
:106C18000FD8844601F1FF3E07E01EF8011F03F874
:106C2800011B541EC1B19C4622466346002AF4D17A
:106C380030BD0B468446194653F8045BA5F1013470
:106C480024EA050414F0803FE4D1043A032A4CF8FE
:106C5800045B1946EFD8DDE79444002CE8D003F82C
:106C6800011B6345FBD130BD014B93F828017047E8
:106C7800407C002038B5074D0022044608462A60AB
:106C8800FCF746FC431C00D038BD2B68002BFBD01A
:106C9800236038BD6890002038B50C46084D8446FE
:106CA800114620461A4600232B606446FCF73CFC3C
:106CB800431C00D038BD2B68002BFBD0236038BDA7
:106CC8006890002038B50C46084D84461146204689
:106CD8001A4600232B606446FCF718FC431C00D0BE
:106CE80038BD2B68002BFBD0236038BD689000208E
:106CF80038B5074D0022044608462A60FCF7ECFB2D
:106D0800431C00D038BD2B68002BFBD0236038BD56
:106D18006890002038B50C46084D84461146204638
:106D28001A4600232B606446FBF75CFF431C00D027
:106D380038BD2B68002BFBD0236038BD689000203D
:106D4800014B1868704700BFC881002070B50D4E10
:106D58000D4D761BB61006D0002455F8043B0134BF
:106D68009847A642F9D1094E094D761B08F000FC58
:106D7800B61006D0002455F8043B01349847A642C3
:106D8800F9D170BD00200060002000601020006074
:106D980000200060704700BF704700BF704700BF09
:106DA800704700BF00000000000000000000000065
:106DB80000000000000000000000000000000000CB
:106DC800A2EB0300704700BF02780B78012A28BFA6
:106DD8009A42F5D16DE9044540EA0104CDE902671C
:106DE8006FF0000C4FEA447212B380EA010414F009
:106DF800070F6AD100F0070420F0070004F003052C
:106E080021F007014FEAC505F0E8042314F0040F48
:106E1800F1E804670CFA05F462EA040266EA04067B
:106E28000AD063EA0403624667EA0407664603E099
:106E3800F0E80423F1E8046782FA4CF582EA0604D4
:106E4800A4FA8CF46CBB83FA4CF583EA0705A5FA1F
:106E58008CF595B950E9022351E9026782FA4CF59D
:106E680082EA0604A4FA8CF483FA4CF583EA07054F
:106E7800A5FA8CF52543DBD09CB92DBAB5FA85F473
:106E880024F0070427FA04F1DDE9026723FA04F382
:106E980003F0FF0001F0FF01FDE80445A0EB01004D
:106EA800704724BAB4FA84F424F0070426FA04F1EB
:106EB800DDE9026722FA04F202F0FF0001F0FF01A7
:106EC800FDE80445A0EB0100704714F0030F3CD126
:106ED80010F0030428D150F8082B51F8083B82FA27
:106EE8004CF582EA0305A5FA8CF55DB950F8042C37
:106EF80051F8043C82FA4CF582EA0305A5FA8CF5B0
:106F0800002DE8D02DBAB5FA85F424F0070423FA49
:106F180004F122FA04F202F0FF0001F0FF01FDE89B
:106F28000445A0EB010070474FEAC40420F00300B9
:106F380050F8082B21F0030151F8083B0CFA04F42F
:106F480062EA040263EA0403C9E710F003041AD0F2
:106F5800A1EB040120F00300E40750F8042B06D04D
:106F68000FD28B785FFAA2F4E41A06D12BB1CB7852
:106F78005FFAB2F4E41A00D11BB920465DF8104B51
:106F8800704701F1040150F8042BCC0721F00301EC
:106F980051F8043B48D824D222F07F4482FA4CF5B9
:106FA80094EA1325A5FA8CF50AD165B951F8043B82
:106FB80084EA0204B4EB036F0ED150F8042BEBE71C
:106FC8004FEA132355E035F07F454DD10878FDE8A9
:106FD8000445C0F1000070474FEA126203F0FF0356
:106FE80047E002EA1C4482FA4CF594EA1345A5FAF4
:106FF8008CF50AD165B951F8043B84EA0204B4EB74
:10700800034F0CD150F8042BEBE74FEA134330E061
:1070180015EA1C4528D10B884FEA124229E04FEAAD
:10702800124203EA1C4324E002F0FF0482FA4CF502
:1070380094EA1365A5FA8CF50AD165B951F8043BB1
:1070480084EA0204B4EB032F09D150F8042BEBE7D0
:107058004FEA13630DE015F0FF0F05D10B684FEAF7
:10706800122223F07F4304E04FF00000FDE80445BE
:10707800704712BA1BBA82FA4CF482EA0304A4FAE3
:107088008CF5B5FA85F402FA04F203FA04F34FEA30
:107098001260FDE80445A0EB136070470000000093
:1070A80000000000000000000000000000000000D8
:1070B80000000000000000000000000000000000C8
:1070C80090F800F06DE9024520F007016FF0000C20
:1070D80010F0070491F820F040F049804FF00004C8
:1070E8006FF00700D1E9002391F840F000F10800A3
:1070F80082FA4CF2A4FA8CF283FA4CF3A2FA8CF3DB
:107108004BBBD1E9022382FA4CF200F10800A4FA41
:107118008CF283FA4CF3A2FA8CF3E3B9D1E9042395
:1071280082FA4CF200F10800A4FA8CF283FA4CF3CC
:10713800A2FA8CF37BB9D1E9062301F1200182FA86
:107148004CF200F10800A4FA8CF283FA4CF3A2FA8C
:107158008CF3002BC6D0002A04BF04301A4612BA9A
:10716800B2FA82F2FDE8024500EBD2007047D1E99D
:10717800002304F00305C4F100004FEAC50514F02C
:10718800040F91F840F00CFA05F562EA05021CBFFD
:1071980063EA050362464FF00004A9E70000000017
:1071A8009FED010B704700BF000000000000F87F52
:1071B8009FED010A704700BF0000C07F2DE9F0472E
:1071C800DFF87CA00646DAF8000098460F4691469C
:1071D800FFF7E4FD184B1C6824B365681F2D24DCF9
:1071E8005EB96B1C0235DAF80000636044F825705C
:1071F800FFF7D6FD0020BDE8F08704EB85010123E9
:10720800C1F88890D4F88821AB401A43022EC4F8FC
:107218008821C1F80881E4D1D4F88C211A43C4F834
:107228008C21DEE7054C1C60D7E7DAF80000FFF791
:10723800B7FD4FF0FF30DEE7488D00204C8D002071
:10724800347C0020F8B5244F0C460646FEF71AF8A1
:10725800BB685D68C4F57E610F3125F003054B19E5
:1072680023F47F6323F00F03A3F58054B4F5805F04
:1072780007DB00213046FFF73BFDBB682B449842F3
:1072880004D03046FEF704F80020F8BD61423046CD
:10729800FFF72EFD01300DD0104ABB682D1B45F0BD
:1072A80001055D60136830461B1B1360FDF7F0FF96
:1072B8000120F8BD00213046FFF71AFDBA68831A8D
:1072C8000F2BDEDD43F001035360054B03491B68B8
:1072D800C01A0860D5E700BFAC7D0020E88E00200A
:1072E800B4810020002961D0F8B50C460646FDF7A8
:1072F800C9FF54F8042C7B4FA4F1080522F00101C2
:1073080005EB010CB868DCF80430604523F0030392
:1073180000F08B80D207CCF8043032D454F8082C13
:10732800AD1A1144AA6807F1080082426AD00CEB32
:107338000304D4F804E0EC68D4601EF0010FA260E6
:1073480000F0978041F001036B60CCF80010B1F5B4
:10735800007F35D27868CB080122490901338A4079
:10736800024357F833107A6007EBC302083AC5E9BD
:10737800021247F83350CD603046BDE8F840FDF7BB
:1073880087BF0CEB03025268D00710D4194407F1E9
:107398000800DCF80830834273D0DCF80C20DA608F
:1073A800936041F001036B606950D0E7704741F08A
:1073B8000103B1F5007F44F8043CCCF80010C9D3B0
:1073C800B1F5206F4FEA512348D28B0903F13900F8
:1073D80003F13802C300F818FB580838984259D00E
:1073E8005A6822F003028A4202D99B689842F7D170
:1073F800D868C5E902308560DD603046BDE8F840F0
:10740800FDF746BF0CEB03025268D20763D40B4466
:10741800DCE90212CA60916043F001026A603046FA
:10742800EB50BDE8F840FDF733BF0B44D10707D454
:1074380054F8082CAD1A1344D5E90212CA609160B9
:1074480043F001026A60284ABD6012689A4293D8E4
:10745800264B30461968FFF7F5FE8DE7142B0AD93D
:10746800542B1FD80B0B03F16F0003F16E02C300FE
:10747800B1E719448DE703F15C0003F15B02C30037
:10748800A9E741F00103C7E90455C5E902006B60AB
:10749800695071E779689210012404FA02F20A43EC
:1074A8007A60A6E7B3F5AA7F06D8CB0B03F178007C
:1074B80003F17702C3008EE740F25452934206D894
:1074C8008B0C03F17D0003F17C02C30083E74FF4CA
:1074D8007E737E227FE741F001036B60CCF80010D9
:1074E8004AE700BFAC7D0020B8810020188F00203B
:1074F8002DE9F0410469B4EB611F2FDD00F1140E92
:107508004E1111F01F0C0EEB84050EEB86032BD0E9
:107518005EF8261004339D4221FA0CF1CCF12008C4
:1075280018D977461A6802FA08F20A4347F8042B72
:1075380053F8041B9D4221FA0CF1F3D8A31B9B00BE
:10754800053B9B0801330EEB83044EF82310C9B1A9
:10755800043417E0416174460029F9D1002303611E
:1075680000234361BDE8F0819D4288BF00F110020D
:10757800F4D953F8041B42F8041F9D42F9D8A41B00
:107588000EEB8404A4EB0E039B1074450361E7D053
:10759800BDE8F0812DE9F04F2DED028B0C688B468C
:1075A800A17885B0302908EE100A9246029340F07F
:1075B800CE816FF00100001BE21C8318144612F8FC
:1075C800011B3029F9D0DFF8008318F80120002AC0
:1075D80000F0E5802278002718F802203D4626466C
:1075E8002AB116F8012F18F80220002AF9D1B54956
:1075F800019301223046FFF7BFFA019B814600281C
:107608004DD0002D4ED13278A94602F0DF02502A23
:10761800354650D0CBF80060002F69D12B1B013BB9
:10762800072B394604DD5B10072B01F10101FADC59
:1076380018EE100A00F082FB8346002800F06682EC
:1076480000F11406AC42019680F0D2810027CDF8F3
:107658000C909C49A1463C460CE0202F19D0384696
:1076680004372A7818F8022002F00F0282401443E7
:107678004D4547D015F8012D2E2AEED14D45ECD3B6
:1076880001222846FFF778FA8E490028F0D0202FEB
:10769800E5D1002046F8044B04270446E1E7002D15
:1076A80000F04281327802F0DF02AD1B502A4FEA27
:1076B80085093546AED16A782B2A00F025812D2A16
:1076C80000F0A5806E1C002018F802104A1E182A27
:1076D80000F29B80727818F8022010390136002ACF
:1076E8005AD100B149428944CBF80060002F95D0A7
:1076F800002B14BF00250625284605B0BDEC028BDB
:10770800BDE8F08FDDF80C90234646F8043B184698
:10771800019BF61AB610CBF8106000F0E9FB760171
:10772800DAF80040301AA04275DCC0F2EF8000277A
:10773800DAF808304B45C0F25181DAF804304B458D
:107748004ADDA3EB09094C4500F38280DAF80C20E6
:10775800022A00F06581032A00F08181012A00F0E5
:107768006F8118EE100A594600F00EFB5025109A4A
:1077780000232846136005B0BDEC028BBDE8F08FEE
:1077880001EB810102EB4102A2F1100116F8012F71
:1077980018F80220002AA4D0192AF1DDA1E74949E6
:1077A800019301222046FFF7E7F9019B00286DD1DC
:1077B800617818F80120651C002A69D030292C4608
:1077C80005D114F8013F302BFBD018F80320B2FA8A
:1077D80082F77F09012302E7012557B1DAF80C3057
:1077E800022B5DD0032B5FD0012B00F0848045F085
:1077F8001005109BC3F800B0029B2846C3F8009000
:1078080005B0BDEC028BBDE8F08F2E4602E70120E3
:10781800AA78AE1C58E7061B3146584600F096FF7A
:10782800074678B1721E53110199012751F82310A8
:1078380002F01F0307FA03F30B4203D0BA4200F326
:10784800E280022731465846B144FFF751FE6FE700
:1078580009F1FF35002F40F0CE80002D40F0CD809B
:107868006B11019A05F01F0552F823200123AB4044
:1078780013424946584618BF47F00207A4EB0904CB
:10788800FFF736FE0225DAF80490A6E721782546A8
:1078980001F0DF01502900F0BF80CBF8005027E746
:1078A800119BC3F101031193119B002B9FD0DBF8AF
:1078B8001070DDF80480BA004346019208EB870097
:1078C800002107E0D0070020E8040020984243F890
:1078D800041C3FD91E4653F8042BB2F1FF3FF5D0E4
:1078E8000132022D326000F0BF8014F01F0440F016
:1078F800E78021257DE7BA077FF579AF019B1B68F3
:107908001F43FB07D3D472E7002081E7221A5946A8
:1079180018EE100AA9EB020900F076FC00F1140336
:1079280083460193002703E7727818F80200711C58
:10793800002800F0A0800D4611F8012F18F8020069
:107948000028F8D1751B4FEA85090E465DE602341A
:10795800002338E6DBF808309F4280F28E803B46F1
:107968000BEB830201210133022DCBF8103051615A
:107978007AD09F42B9DA002B40F39B80DBF81420C1
:1079880008EB83030BF1180083424FEA520240F2DE
:10799800B1804446016842EAC17244F8042B50F8A9
:1079A800042B83424FEA5202F4D8A3EB0B03193B92
:1079B8009B08013348F8232008EB8303002A40F092
:1079C8009D80A3EB080292104345CBF8102073D09A
:1079D800DAF8083009F101094B458ADA18EE100A7D
:1079E800594600F0D1F9109A00231360A32583E6C5
:1079F800019E002389E6012732E72946584600F010
:107A0800A5FE07462CE7B11E584600F09FFE002849
:107A18003FF417AF032715E74FF0000901274AE69F
:107A2800119A002A7FF49DAE02990B60019B0122F6
:107A3800CBF810201A60109B6225C3F800B05BE6F3
:107A48004C457FF48EAE012CEED0611E584600F0F6
:107A58007DFE00283FF485AEDAF80430E4E7119A99
:107A6800002A3FF47EAEDFE7DAF80030013BA3429C
:107A780034D02225BDE60E46C7E5DBF8041018EE23
:107A8800100A013100F05AF90646C8B3DBF8103085
:107A980002339A000BF10C010C30FBF78BFB5946B3
:107AA80018EE100A00F070F906F114083369B346AD
:107AB80056E70023CBF810300023CBF8143087E7C3
:107AC800019B4344C4F1200453F8040C00F010FA5D
:107AD800A042BFF60EAFDBF810304CE7631104F09C
:107AE8001F0458F823200123A34013420CBF22256A
:107AF80021257EE6C8F8002043466AB1043360E7D2
:107B0800074B08483246842104F07EFA044B0548A6
:107B18005A46E42104F078FACBF81020CCE700BFED
:107B2800700400208404002010B4046809E014F8EC
:107B3800013FA3F1410CBCF1190F98BF20339342C8
:107B480009D111F8012B002AF1D101340460012078
:107B58005DF8044B704700205DF8044B704700BF88
:107B68002DE9F04F096885B04B1111F01F01029003
:107B780002EB8303039140F08F801D1F0193029B4A
:107B880001991C68002341F8043C617801340029FC
:107B980000F09880DFF87491A846AC469A461E46D5
:107BA8000EE0202900F28C80564506DDC44501D23E
:107BB800072B5BDD624551D3082314F8011FA1B1DF
:107BC80019F801000028ECD00133082B06F1010652
:107BD8003ADCDCF80010090100F00F000843CCF88B
:107BE800000014F8011F0029EAD1002E6AD0C4450C
:107BF80001D2072B74DD624552D2111F634653F838
:107C0800040B41F8040FAB42F9D9A5EB0C0323F0A0
:107C18000303691C04330CF1010C614538BF0423CC
:107C28001344002143F8041BAB42FBD9019B53F8D2
:107C3800043C2BB9AA4249D055F8043D002BF9D091
:107C4800052005B0BDE8F08F6245B6D200234CF898
:107C5800043C1946ACF1040C0123BDE70023ACF148
:107C680004084CF8043CB246C446A6E7C3F1080130
:107C7800DCF800308900C1F1200E60469B46476859
:107C880007FA0EF343EA0B0327FA01FB036040F8F7
:107C980004BF4045F3D38DE7191D01911D466EE7DA
:107CA800039B002BC2D0039B0198C3F120014FF026
:107CB800FF33CB4050F8041C0B4040F8043CB8E7B5
:107CC800292909D0042005B0BDE8F08F012305203B
:107CD8002B6005B0BDE8F08F029901340C6084E791
:107CE800DCF80010C3F108039B00C3F120076446C9
:107CF8000846666806FA07F1014326FA03F0216090
:107D080044F8040F4445F4D375E700BFE8040020A5
:107D180082B049B15AB16BB113780B601278101E5A
:107D280018BF012002B0704701A9002AF3D11046FC
:107D380002B070476FF00100F4E700BF436C70B504
:107D480005460C464BB153F8240080B1026843F84D
:107D580024200023C0E9033370BD2122042104F04C
:107D680073F9034668640028EDD1002070BD012135
:107D780001FA04F6721D9200284604F065F90028FD
:107D8800F3D0C0E90146E4E731B1436C4A6853F8DF
:107D98002200086043F82210704700BF2DE9F04127
:107DA8000E6980460F461D4601F1140E0020DEF8CC
:107DB80000108CB202FB0453090C4FEA134C02FB6F
:107DC80001CC01309CB204EB0C4486424EF8044BC3
:107DD8004FEA1C45EBDC3DB1BB68B34207DD07EB5E
:107DE800860301365D613E613846BDE8F0817968F9
:107DF80040460131FFF7A2FF0446B0B13A690232AA
:107E080007F10C0192000C30FBF7D4F9D8F8443094
:107E18007A6853F82210396043F82270274607EB36
:107E2800860301365D613E61DEE7034B0348224667
:107E3800BA2104F0E9F800BF70040020E80500202A
:107E48002DE9F8431746274A1E4608330C46092EE3
:107E580082FB03124FEAE3730546C3EB620339DD85
:107E68004FF0010C00214FEA4C0C634501F1010170
:107E7800F9DC2846FFF762FF014668B3089B4361B7
:107E8800092F4FF00103036112DC0A340927BE42AF
:107E98000BDDF21BA61814F8013B0A22303B2846DA
:107EA800FFF77CFFA6420146F5D10846BDE8F883F6
:107EB80004F10909C8463C4418F8013B0A22303B42
:107EC8002846FFF76BFFA0450146F5D1A7F1080446
:107ED8004C44DCE70021CCE70A46034B0348D32196
:107EE80004F092F8398EE33870040020E805002089
:107EF800030C1B04D3B90004102310F07F4F04BFF8
:107F08000002083310F0704F04BF0001043310F072
:107F1800404F04BF80000233002805DB10F0804F7B
:107F280003F1010308BF2023184670470023E4E744
:107F3800036813F0070208D0D9071FD49A0722D57F
:107F48005B08036001221046704799B209B91B0CFF
:107F58001022D9B209B908321B0A190704BF1B0934
:107F68000432990704BF9B080232D90703D45B087F
:107F780002F1010205D00360104670470022104646
:107F880070472022DFE79B080222036010467047F3
:107F980038B5436C04460D464BB15868B0B1026819
:107FA8005A6000220123C0E90435C26038BD21228D
:107FB800042104F049F8034660640028EDD1094B18
:107FC8000948002240F2451104F01EF81C22012144
:107FD800204604F039F80028F1D001220223C0E934
:107FE8000123DEE770040020E80500202DE9F04FAA
:107FF8000E691569AE4285B08846144605DB2A46E7
:10800800234635460C4616469846A3686168AF195C
:10801800BB42B8BF0131FFF791FE0190002800F084
:108028008780019B03F1140909EB870AD14505D222
:108038004B46002243F8042B9A45FBD808F1140854
:1080480008EB860B04F11403D8451A4603EB8505A3
:108058005FD22B1B153B23F0030304331534A542D1
:1080680038BF0423CDE902A7AC461F46924605E077
:10807800090C29D1C34509F1040948D958F8041B4A
:108088008DB2002DF4D056464C46002356F8041BFA
:1080980022681FFA81FE90B2090C05FB0E00120C33
:1080A800034405FB012202EB13429BB243EA02435D
:1080B800B44544F8043B4FEA1243E7D849F807307F
:1080C80058F8041C090CD5D0D9F8003050461A4687
:1080D8004C4600260588120C01FB052216449BB26B
:1080E80043EA064344F8043B50F8045B22682D0C2D
:1080F80093B201FB053303EB164384454FEA13465D
:10810800E8D8C34549F8073009F10409B6D8DDE9CC
:1081180002A7002F02DC05E0013F03D05AF8043D16
:10812800002BF9D0019B18461F6105B0BDE8F08F00
:10813800034B0448019A4FF4B17103F065FF00BF87
:1081480070040020E805002012F003032DE9F04137
:108158001446064632D10D46A41020D0D6F84080E9
:10816800B8F1000F33D0E3074FF0000707D46410CD
:1081780015D0D8F80000A8B18046E307F7D54246E5
:1081880029463046FFF732FFB5B16968736C641051
:1081980053F821202A6043F821500546E9D12846A2
:1081A800BDE8F081424641463046FFF71FFFC8F858
:1081B800000007608046E0E70546D8E7013B0F4A24
:1081C80052F823200023FFF7E9FD0546C4E7012103
:1081D8003046FFF7B3FD804640B1012340F27122DB
:1081E800C0E90432002330640360BCE7044B05484F
:1081F800424640F2451103F007FF00BF2C760020ED
:1082080070040020E80500202DE9F0470D461446CB
:108218002F69AB68496807EB62177E1C9E4280464F
:108228004FEA621904DD5B009E4201F10101FADCAC
:108238004046FFF783FD8446002852D0B9F1000F6D
:1082480000F114020EDD09F105014FEA810E134613
:1082580000EB8101002043F8040B8B42FBD1AEF107
:1082680014031A44296905F1140314F01F0E03EBD3
:1082780081012ED0CEF1200910464FF0000A1C686B
:1082880004FA0EF444EA0A0440F8044B53F8044B89
:10829800994224FA09FAF2D84B1B153B23F0030341
:1082A800043305F11500814238BF0423BAF1000FE9
:1082B80018BF374642F803A0D8F844306A68CCF8AB
:1082C800107053F822102960604643F82250BDE828
:1082D800F087043A53F8040B42F8040F9942F9D88E
:1082E800EAE7034B034862464FF4EF7103F08CFE54
:1082F80070040020E80500200B6984460069C01A54
:1083080016D10CF1140C14310CEB830210B401EBF0
:10831800830301E0944508D252F8044D53F8041D34
:108328008C42F7D005D24FF0FF305DF8044B704710
:10833800704701205DF8044B704700BF2DE9F84FE6
:108348000F691369FF1A002F0E4690467FD101F17D
:108358001405143202EB830205EB830301E09D420E
:1083680078D253F8041D52F8044DA142F7D069D3CE
:108378007168FFF7E3FC8146002877D03569D8F8A3
:108388001020C76008F1140E06F1140009F1140A50
:1083980006F110010EEB820200EB850756464FF0FE
:1083A800000C5EF8044B51F804BFA3B21CFA8BFC16
:1083B800ACEB03034FEA144CCCEB1B4C0CEB234CFB
:1083C8009BB243EA0C43724546F8043B4FEA2C4CF7
:1083D800E7D8A2EB0801153908F11508424521F044
:1083E800030404F1040438BF0424204421F00302E8
:1083F80038BF002287425244544418D926460146C1
:1084080051F8043B1CFA83FC4FEA2C4202EB13425E
:108418001FFA8CFC4CEA02438F4246F8043B4FEAB1
:10842800224CEDD8013F3F1A27F00307E21923B980
:1084380052F8043D013D002BFAD0C9F810504846C7
:10844800BDE8F88F334601274646984690E7F9DBA2
:1084580000278DE70021FFF771FC814668B10122F2
:108468000023C9E904234846BDE8F88F064B0748AE
:108478004A4640F2452103F0C7FD034B03484A46EC
:1084880040F2372103F0C0FD70040020E805002009
:1084980082B08DED000B164B019A1340A3F1507377
:1084A800002B06DD00221946104641EC100B02B0E5
:1084B80070475B42B3F1A07F4FEA235209DA4FF4C9
:1084C8000023134100221946104641EC100B02B05C
:1084D8007047A2F114031E2BDABF4FF00042DA40B6
:1084E800012200231946104641EC100B02B07047D8
:1084F8000000F07FF8B5046900F1140606EB840467
:10850800271F54F8045C2846FFF7F2FCC0F120034B
:108518000A280B601BDDBE420BD20B3854F8081C2E
:108528002ED145F07F5343F440130A4643EC102BF9
:10853800F8BDB0F10B01F4D005FA01F141F07F5319
:10854800002143F440130A4643EC102BF8BDC0F158
:108558000B0C25FA0CF1BE4241F07F5338BF54F89A
:10856800081C00F1150034BF21FA0CF1002105FAAE
:1085780000F0014343F440130A4643EC102BF8BDC6
:10858800C0F1200C854021FA0CF345EA0307A4F159
:108598000805AE4201FA00F13CBF54F80C0C20FA71
:1085A8000CF047F07F5338BF014343F440130A46A9
:1085B80043EC102BF8BD00BF2DE9F043884683B08B
:1085C800012157EC106B1546FFF7B8FB044600284D
:1085D80051D0C7F30A59C7F31303B9F1000F01D0FB
:1085E80043F48013002E019318D101A8FFF7A0FCD3
:1085F800019A6261012200F120032261B9F1000FA2
:1086080025D0A9F2334909EB03022046C3F135030B
:10861800C8F800202B6003B0BDE8F08368460096D8
:10862800FFF786FC034610B3DDE90002C3F1200121
:1086380002FA01F10143DA4061610192002AA26164
:1086480014BF022201222261B9F1000FD9D1A3F28D
:108658003243C8F8003004EB82031869FFF748FC7E
:10866800C0EB421320462B6003B0BDE8F083009AAC
:108678006261019AE2E7034B0348224640F20F3158
:1086880003F0C2FC70040020E8050020F0B583B0B8
:108698000E4669460746FFF72DFF01A9304655ECFF
:1086A800104BB0EE407BFFF725FF33693A69D21AC9
:1086B800DDE900315B1A03EB4213002B09DD17EEED
:1086C800902A02EB035545EC174B87EE000B03B0DD
:1086D800F0BD10EE902A51EC100BC3EB033302EB04
:1086E800035141EC100B87EE000B03B0F0BD00BF47
:1086F8000139491101F1010C116902F1140303EB6D
:1087080081018B4200EB8C0C17D210B5A0F1040E3E
:1087180053F8044B4EF8044F9942F9D88A1AA2F13B
:10872800150323F0030304331844844504D90023B4
:1087380040F8043B8445FBD810BD844505D9002387
:1087480040F8043B8445FBD87047704703694A11D9
:10875800934200F1140009DA00EB830302E053F8B6
:10876800042DC2B98342FAD80020704710DD11F0F9
:108778001F010DD010B450F8224000EB820324FAF8
:1087880001F28A4094420CD001205DF8044B7047F6
:1087980000EB8203E6E70120704753F8042D002A16
:1087A800F2D18342F9D800205DF8044B704700BF2E
:1087B80049B1FF2A02D80A70012070478A23036052
:1087C8004FF0FF3070470846704700BF00000000B8
:1087D8002DE9F04F2DED088BD1B00C460BEE101A99
:1087E80090460893834603F079FB03681293184672
:1087F800FEF766FC20AF1090082200213846FEF7ED
:1088080069F9A3891B0603D52369002B00F0558756
:1088180000239FED838B9FED849BCDE92533CDE924
:108828001333CDE9153327AA0E9324929246119358
:1088380004934446A1467E4BD3F8E450FEF714FA5D
:108848004A4603461CA900975846A847002800F046
:10885800B080C0F2A6801C9A252A034601D099440C
:10886800E9E7B9EB0405064640F0A78000234FF07E
:10887800FF328DF867309846069309F1010999F897
:10888800003003922B25202609F10109A3F12002CB
:108898005A2A00F2CF80DFE812F0E802CD00CD00BE
:1088A800E302CD00CD00CD006A00CD00CD00050269
:1088B8008402CD001002C902CD00BD025B005B003E
:1088C8005B005B005B005B005B005B005B00CD0056
:1088D800CD00CD00CD00CD00CD00CD005301CD00A1
:1088E80083011A02530153015301CD00CD00CD007D
:1088F800CD001502CD00CD009602CD00CD00CD00F3
:10890800AB01CD00AA02CD00CD00E306CD00CD001D
:10891800CD00CD00CD00CD00CD00CD005301CD0060
:108928008301DE015301530153017702DE017F0009
:10893800CD008902CD005F02E0062F027F00CD0046
:10894800AB017C00B806CD00CD00BD06CD007C0093
:10895800A3F13002002119F8013B01EB810102EB80
:108968004101A3F13002092AF5D906918EE758464C
:1089780003F0B4FA436815931846FEF7A1FB169066
:10898800584603F0ABFA83681393169B002B40F00C
:108998002D8699F8003077E799F8003048F02008DC
:1089A80072E7082200213846FEF794F8012399441B
:1089B80041E7B9EB0405064611D0269B2B442693C4
:1089C800259B0133072BCAE9004525931CDC0AF1D6
:1089D800080A049B2B440493002E7FF447AF269B80
:1089E800002B41F00B821BEE103AB3F90C3013F058
:1089F800400F049B18BF4FF0FF330493049851B005
:108A0800BDEC088BBDE8F08F1BEE101A24AA58465F
:108A180004F0DEFD0028E6D10DF19C0AD9E700BF7D
:108A28000000000000000000FFFFFFFFFFFFEF7FD6
:108A3800407C00200B93002BD1D00021CDE90C11F4
:108A48008DF8DC3001238DF86710029307910593A8
:108A580003910F9137AC18F00203099302D0029BDF
:108A68000233029318F084030A9305D1069B029AF5
:108A78009D1A002D00F36983269A89B125990DF175
:108A8800670001310132CAF8000007294FF00100E0
:108A980026922591CAF8040000F3A2830AF1080A75
:108AA800099B83B1259B1AA901330232CAF8001029
:108AB800072B4FF0020126922593CAF8041000F301
:108AC800A3830AF1080A0A9B802B00F06C82039B9F
:108AD80005995D1A002D00F3A58218F4807F40F0F7
:108AE8000D82059BCAF804301A44259BCAF8004039
:108AF8000133072B2692259300F31B830AF1080AFA
:108B080018F0040F05D0069B02995C1A002C00F39C
:108B18008883049B069902988142ACBF5B181B1896
:108B28000493002A40F0B08200232593079B1BB1D1
:108B380007995846FEF7D6FB0DF19C0A4C4679E694
:108B48000B93089B073323F00703B3EC028BB0EEBB
:108B5800C87BB4EE497BF1EE10FA089340F3E98440
:108B6800B5EEC08BF1EE10FA01F159809DF867104F
:108B7800AB4CAC4B28F080080B9A472AC8BF1C4660
:108B88000023CDE90C330322079302920592039345
:108B98000F9300293FF45FAF029B013302935AE71A
:108BA800432B0B9303D018F0100F00F05D85089D40
:108BB8000822002122A837ACFDF78CFF22AB55F81C
:108BC800042B2146584604F0D9FB0346013305908F
:108BD80001F0EE82059B089523EAE37302930021D6
:108BE800CDE90C118DF86710079103910F9132E7C9
:108BF8000B93089B1A4600238DF86730134653F8E9
:108C0800044B0893002C00F048850B9B532B00F075
:108C1800EC8618F010030C9340F0E786039B5D1C6C
:108C280001F0E5800C991A46204603F061F9079097
:108C3800002801F02883079B1A1B05920C9B0393BD
:108C480022EAE2720F930D93079373239DF867103E
:108C580002920B939DE718F0200F0B93089B3DD0D1
:108C6800073323F007031A4611465B6851F8082BAF
:108C780008911946002BC0F20C84039B013300F0C5
:108C88009E8228F0800052EA0103029040F0998207
:108C9800039B002B40F09A828046002303930593A0
:108CA80050AC06E1089B53F8042B0692002A80F288
:108CB8001984069A08935242069299F8003048F0AF
:108CC8000408E1E599F8003048F00808DCE548F0C8
:108CD800100818F0200F0B93089BC1D118F0100F43
:108CE80040F00B8418F0400F00F0038433F9042B94
:108CF8000893D1170B46BDE7089B48F00202029281
:108D080053F8042B089347F63003ADF86830782001
:108D1800454B1193002102230B900020039C8DF8F2
:108D28006700601C00F0AD80029820F0800852EACD
:108D3800010040F0A480002C40F0AE86002BACD19E
:108D4800029B13F00103059300F0D18330238DF8C3
:108D58003F310DF23F14ACE018F0200F40F0D483FF
:108D680018F0100F40F09F8618F0400F40F09787DA
:108D780018F4007F00F09786089B049953F8042B99
:108D8800089311704C4655E599F80030682B03BFDD
:108D980099F8013048F4007809F1010948F04008D1
:108DA80072E599F800308DF867506DE599F8003054
:108DB8006C2B03BF99F8013048F0200809F101092C
:108DC80048F0100860E50B9348F0100818F02001EF
:108DD80000F05183089B073323F00703596853F8C1
:108DE800082B089328F480630293002395E70B93DC
:108DF80048F010030293029B13F0200100F029832E
:108E0800089B073323F00703596853F8082B089386
:108E1800012382E799F8003048F0800834E500BF64
:108E2800E4070020E8070020F4070020494611F86D
:108E3800013B2A2B01F04982A3F13002092A894615
:108E480098BF002101F2448119F8013B01EB81012F
:108E580002EB4101A3F13002092AF5D9039115E586
:108E680099F8003048F001080EE59DF86730002BAE
:108E78007FF48FAD99F800308DF8676004E5CDF880
:108E88000880012B00F09D81022B50AC20D1119855
:108E980002F00F031209C35C04F8013D42EA0172B3
:108EA800090952EA0103F3D150AB1B1BDDF8088016
:108EB8000593059A03989DF8671082424FF00003C6
:108EC800B8BF0246CDE90C33079302920F9360E6D0
:108ED80002F00703D20842EA4172C908303352EA65
:108EE8000105204604F8013DF2D1029AD10700F1AC
:108EF8004D8250AB1B1B90460593DAE70B9B652B05
:108F080040F3D480B5EE408BF1EE10FA40F0C18109
:108F1800259BBA49CAF80010013301320121072BF9
:108F280026922593CAF8041000F351850AF1080A1D
:108F38001B9B0E998B4280F2D082109B12991A4487
:108F4800CAE90013259B26920133072B259300F3CA
:108F580097830AF1080A0E9B5C1E002C7FF7D0ADA0
:108F6800102C259B40F36E851BEE106A102505E03A
:108F78000AF1080A103C102C40F364850133A0491B
:108F88001032072BCAE90015CDE92532F0DD24AAF5
:108F98003146584604F01CFB00287ED1DDE9253215
:108FA8000DF19C0AE6E7069B02995D1A002D7FF7F2
:108FB8008EAD102D259B21DD099410261BEE104A3D
:108FC80004E0103D102D0AF1080A16DD01338C4922
:108FD8001032072BCAE90016CDE92532F1DD24AAA3
:108FE800214658460DF19C0A04F0F2FA002854D1A3
:108FF800103D102DDDE92532E8DC099C8049CAF8CE
:10900800045001332A44072BCDE92532CAF8001051
:1090180000F32685039B05995D1A002D0AF1080ABD
:109028007FF75BAD102D259B1FDD514610261BEEEB
:1090380010AA04E0103D102D01F1080114DD0133E0
:109048006F481032072BC1E90006CDE92532F1DD62
:1090580024AA5146584604F0BBFAF0B9103D102D29
:10906800DDE9253227A9EADC8A4601336449CAF8D2
:1090780004502A44072BCDE92532CAF8001000F322
:10908800DA810AF1080A28E51BEE101A24AA5846C4
:1090980004F09EFA00283FF447AD079B002B3FF4ED
:1090A800A2AC07995846FEF71DF99CE40E9B012BCC
:1090B80040F37A81259BCAF800400133013201212F
:1090C800072B26922593CAF8041000F3F8810AF1B9
:1090D800080A1099129801330A44072BCAE90001BB
:1090E800CDE9253200F3DD810AF1080AB5EE408B9F
:1090F800F1EE10FA00F077810E990133013901344D
:109108000A44072BCAF800402593CAF8041026928F
:1091180000F35B810AF1080A1499CAF804100133B4
:109128000A44072B1EA9CDE92532CAF800107FF79B
:10913800E5AC1BEE101A24AA584604F049FA002898
:10914800ABD1269A0DF19C0ADAE4102DDDE925123F
:109158002C4E24DD179410231BEE104A084604E019
:10916800103D102D0AF1080A17DD013010320728CA
:10917800CAE90063CDE92502F2DD24AA2146584652
:109188000DF19C0A04F024FA002886D1103D102D18
:10919800DDE925024FF01003E7DC179C0146013199
:1091A8002A440729CDE92512CAF80060CAF80450F4
:1091B80000F3BD839DF867100AF1080A5DE4CDF855
:1091C80008800A2A71F1000380F0458330320123B8
:1091D800DDF808808DF83F2105930DF23F1468E60D
:1091E8001BEE101A24AA584604F0F2F900287FF45E
:1091F80054AF269A0DF19C0A52E400BF24080020BF
:109208000C770020A02200201BEE101A24AA584632
:1092180004F0DEF900287FF440AF269A0DF19C0A8D
:1092280051E4102C259BBE4E1FDD1BEE108A102525
:1092380004E0103C102C0AF1080A16DD0133103244
:10924800072BCAE90065CDE92532F2DD24AA41469B
:1092580058460DF19C0A04F0BBF900287FF41DAFB5
:10926800103C102CDDE92532E8DC01332244072BC1
:10927800CAE90064CDE925327FF74BAC1BEE101A22
:1092880024AA584604F0A4F900287FF406AF269AC9
:109298003FE41B99002940F35A830C9E0E9B9E4283
:1092A800A8BF1E46002E0BDD259B01333244072B39
:1092B800CAE900462692259300F389860AF1080A2E
:1092C8000C9D002EA8BFAD1B002D00F303820C9B44
:1092D80018F4806F2344059340F01F821B9B0E995E
:1092E8008B4203DB18F0010F00F0CF84109912981D
:1092F8000A44CAE9000125992692013107292591D6
:1093080000F3A5860AF1080A0E996518CC1A059B80
:10931800ED1AA542A8BF2546002D0DDDCAF800307C
:10932800259BCAF8045001332A44072B269225931B
:1093380000F3BB860AF1080A002DA8BF641B002CA5
:109348007FF7DEAB102C259B40F37C831BEE106A65
:10935800102505E00AF1080A103C102C40F372832E
:10936800013370491032072BCAE90015CDE92532BF
:10937800F0DD24AA3146584604F02AF900287FF483
:109388008CAEDDE925320DF19C0AE5E7302B3FF480
:109398008BAD3023023804F8013C50AB1B1ADDF8C2
:1093A80008800593044684E518F0010F7FF482AE27
:1093B800259BCAF80040013301320121072B269270
:1093C8002593CAF804107FF7A5AE1BEE101A24AA3D
:1093D800584604F0FDF800287FF45FAEDDE9253239
:1093E8000DF19C0A98E60E994C1E002C7FF794AE5E
:1093F800102C40F361831BEE106A102505E00AF17A
:10940800080A103C102C40F35783013345491032A9
:10941800072BCAE90015CDE92532F0DD24AA31462B
:10942800584604F0D5F800287FF437AEDDE9253238
:109438000DF19C0AE5E71BEE101A24AA584604F021
:10944800C7F800287FF429AE269A0DF19C0AFFF789
:1094580044BB029B13F0100340F0C180029A12F043
:10946800400200F07A83089850F8042B08901946B7
:1094780092B2012351E418F0100355D118F04002BC
:1094880000F05D83089850F8042B0890194692B2B2
:10949800A8E4524261EB4101CDF808802D20012358
:1094A8003CE41BEE101A24AA584604F091F8002850
:1094B8007FF4F3ADDDE925320DF19C0A16E61BEECB
:1094C800101A24AA584604F083F800287FF4E5AD62
:1094D800DDE925320DF19C0AFBE518F0010F3FF498
:1094E8000FAB2AE5089399F80030FFF7CDB950ACD7
:1094F800DFE418F4007F40F0DB8353F8042B089373
:10950800D1170B46FFF7B6BB089B049853F8041B0A
:109518000893C217C1E900024C46FFF78BB900BF98
:10952800A02200200C770020089B53F8042B0893F6
:1095380058E4B4EE488BF1EE10FA80F194860B9B58
:10954800612B00F05285412B00F0C085039B01334D
:109558000B9B23F0200500F08084472D04D1039B4A
:10956800002B08BF0123039318EE903A002B48F410
:1095780080724646C0F21886B0EE48AB002390468B
:10958800099307930B9B413B252B00F29883DFE857
:1095980013F06F0496039603960368046C0496030D
:1095A80096039603960396039603960396039603EB
:1095B80096039603960396039603960396039603DB
:1095C80096039603960396039603960396039603CB
:1095D8009603960396039603960368046C04089B07
:1095E80053F8042B08930123FFF797BB139B002B19
:1095F8003FF4CFA9139B1B78002B3FF4CAA999F815
:10960800003048F48068FFF73FB90B93CDF8088025
:10961800FFF7F1BB0B939A4B119318F0200100F060
:109628000581089B073323F00703596853F8082B73
:10963800089318F0010F0AD052EA010307D00B9BD8
:109648008DF86930302348F002088DF8683028F426
:10965800806302930223FFF760BB0B93FFF7B6BB4F
:109668000B93884B1193D8E7089B012153F8042BDF
:1096780002918DF8DC200893059137ACFFF7AFBA5B
:109688001BEE101A24AA584603F0A2FF00287FF404
:1096980004AD269A0DF19C0A5DE4039B0794062B02
:1096A800224628BF062303942146CDE90C22764C96
:1096B800029305930F92FFF76CBA40215846FBF7C7
:1096C80031FB20602061002800F00F864023636191
:1096D800FFF79EB8102D259B40F35D82514610265A
:1096E8001BEE10AA04E00831103D102D40F3528201
:1096F800013366481032072BC1E90006CDE925324F
:10970800F1DD24AA5146584603F062FF00287FF491
:10971800C4ACDDE9253227A9E6E70E9BCDF82490F5
:10972800E31803930D9BCDF82880139E059DDDF863
:109738005890DDF83C800B941BEE101A5046002B15
:1097480034D0B8F1000F35D10D9B013B013E0D938C
:10975800159BC0E90039259B01334A44072B269203
:1097680025936CDC0830039B96F800C05B1B6345AF
:10977800A8BF6346002B9A460CDD259C01341A4489
:10978800072CC0E900532692259400F3778196F8B8
:1097980000C00830BAF1000FACBFACEB0A04644655
:1097A800002C0ADC65440D9B002BCAD1B8F1000FD0
:1097B80000F0AC8308F1FF38CAE7102CDDF894C03C
:1097C80024DD05954FF0100A63460D4604E0103C71
:1097D800102C00F1080016DD01332C491032072B3C
:1097E800C0E9001ACDE92532F1DD24AA29465846F8
:1097F80003F0EEFE00287FF450AC103C102CDDE99D
:10980800253227A8E8DC2946059D9C460CF1010372
:1098180022444460072B1D4C0460CDE9253200F337
:10982800C68396F800C008306544BCE718F01003FA
:1098380000F0C280089B53F8042B0893F9E624AA89
:109848005846059103F0C4FE00287FF426AC269AFA
:10985800059927A887E70298CDF81CA050AC00F41A
:10986800806000250AEE10BA094BDDF84CA0CDF84F
:109878001490A3464FF00508AC46044610E000BF1C
:10988800F4070020080800201C0800200C7700209E
:10989800CDCCCCCC0A2A71F1000136D34A463146E8
:1098A800501840F10000A3FB005626F0030505EB15
:1098B8009605401B151A4FF0CC3661F1000E06FBD9
:1098C80005F6A5FB039503FB0E6609F0010E2E4471
:1098D800AEFB085E2D184FEA590930350BF8015CCC
:1098E80049EAC6790CF1010C0BF1FF3B7608002C14
:1098F800D0D09AF800008445CCD1BCF1FF0FC9D074
:109908000A2A71F1000180F08F815C4650AB1B1B65
:10991800DDF81490CDF84CA01AEE10BADDF81CA0B2
:10992800DDF80880CDF838C00593FFF7C2BA1BEE02
:10993800101A24AA584603F04BFE00287FF4ADAB5A
:109948009DF86710269A0DF19C0AFFF796B8259B9B
:10995800BE48CAF80000013301320120072B2692C5
:109968002593CAF8040000F377810AF1080A002950
:1099780040F0AF800E9908F001030B433FF4C0A8F4
:10998800109B12991A44CAE90013259B26920133A9
:10999800072B259300F352820AF1080A0E99CAF898
:1099A800004001330A44072BCDE92532CAF80410D8
:1099B8007FF7A4A8FFF7BDBB18F0400200F0DD80D8
:1099C800089850F8042B0890194692B231E61BEE1D
:1099D800101A24AA584603F0FBFD00287FF45DAB5B
:1099E800269A0DF19C0AFFF7A3BA22AE082200219D
:1099F80030461D94FDF76EF8039B5A1C00F0DB807F
:109A08000025CDF80890CDF81C809946A8460CE0B2
:109A180037A9584603F0B2FC431C404400F0C88301
:109A2800484508DC00F0188480461D9A5259334690
:109A38000435002AECD1CDF81480DDF80890DDF863
:109A48001C80C5E001338249CAF804402244072B30
:109A5800CAF80010CDE925327FF750A8FFF769BB97
:109A68001BEE101A24AA584603F0B2FD00287FF412
:109A780014AB269A0DF19C0AFFF729B824AA584678
:109A8800059103F0A5FD00287FF407AB96F800C008
:109A9800269A059927A87DE6012BCDF808807FF442
:109AA800F3A9FFF793BB089B049953F8042B4C4682
:109AB80011600893FEF7BEBE01336549CAF8044039
:109AC8002244072BCDE92532CAF800107FF722ABD4
:109AD8007BE4109B12981A44CAE90003259B26923E
:109AE8000133072B259300F3A9810AF1080A0029FD
:109AF800BFF654AF4D42103180F20F831BEE101A9F
:109B0800102605E00AF1080A103D102D40F30583E0
:109B180001334F481032072BCAE90006CDE9253238
:109B2800F0DD24AA5846039103F052FD00287FF483
:109B3800B4AADDE9253203990DF19C0AE4E7089BF4
:109B480018F400711ABF114653F8042B53F8042B6C
:109B5800089318BFD2B2FFF745B9029B13F40071FE
:109B6800089B1ABF114653F8042B53F8042B08938B
:109B780018BFD2B20123FFF7D0B8089B18F40071C0
:109B88001ABF114653F8042B53F8042B089318BF37
:109B9800D2B24EE58A4601332D49CAF804502A4408
:109BA800072BCDE92532CAF8001000F339810AF1F4
:109BB800080AFFF78CBB0023194600961DAA5846D1
:109BC80003F002FC03460133059000F0F1821D9476
:109BD800059B002B4ED0632B00F3188100230793BD
:109BE80037AC082200213046FCF774FF059D00962B
:109BF8002B461DAA2146584603F0E6FB854240F055
:109C08007C83059A0023A35422EAE272CDE90C333F
:109C18009DF86710039302920F93FEF7BABF2D21A8
:109C28008DF86710FEF7A4BF169B1599ABEB030BD5
:109C38001A465846FCF7E6FF9AF80120054B0AB188
:109C48000AF1010A4FF0000C28E600BF24080020A2
:109C58000C770020CDCCCCCC1BEE101A24AA584689
:109C680003F0B6FC00287FF418AA1B99269A0DF178
:109C78009C0A7CE6059B9DF867100F93CDE902339B
:109C8800CDE90C330793FEF784BF0E990598651844
:109C98002D1ACC1AA542A8BF2546FFF74DBB089B35
:109CA800049953F8042B089311804C46FEF7C2BD63
:109CB80013F9042B0893D1170B46FEF7DBBF039A61
:109CC800022122AB01931DAB009358461BABB0EEAB
:109CD8004A0B029202F088FA472D029A044600F0D5
:109CE8006181462D104405D12378302B00F06F8216
:109CF8001B9A1044B5EE40ABF1EE10FA40F04681E5
:109D080003461B1B0E93472D00F01081462D00F0D3
:109D1800B5811B9B0C930C9B412D03F1FF331B93C7
:109D280000F0E5819DF82C200021002BB8BF0C9B8A
:109D38008DF87820BABFC3F101032D222B22092BFD
:109D48008DF8792040F3DA810DF18F05DFF81CC416
:109D58002A4610468CFB0321DA17C2EBA10202EB5C
:109D68008201A3EB4101303100F8011C1946632937
:109D7800134600F1FF32ECDC3033D9B2831E9D422A
:109D880002F8011C40F28B8213460DF17A0201E0C1
:109D980013F8011B02F8011B9D42F9D10DF1910343
:109DA8000DF17A021B1A13441EAA9B1A14930E9BD8
:109DB800149A012B1A44059240F30382059B109ACA
:109DC8001344059326F48063059A43F480780023AE
:109DD800CDE90C3322EAE2720F930292099B002B21
:109DE80040F0B1809DF867100393FEF7D2BE20467D
:109DF800FDF766F902460590FEF720BF1BEE101A24
:109E080024AA584603F0E4FBFEF7EDBD591C58465A
:109E1800FAF788FF0446002800F0CA810790E0E6B8
:109E28001BEE101A24AA584603F0D2FB00287FF430
:109E380034A9269A0DF19C0AFFF749BA1BEE101AAD
:109E480024AA584603F0C4FB00287FF426A9DDE9BC
:109E580025321B990DF19C0A49E606230393FFF767
:109E680083BB039B02215A1C2BE7039A032128E793
:109E78001BA8B0EE4A0B02F08BF8B4EE007B20EE84
:109E8800070BB5EE400BF1EE10FA01D101231B933D
:109E9800B348039BB3EE005B013B224604E0B5EEFA
:109EA800400BF1EE10FA13D020EE050BFDEEC07B4F
:109EB800B3F1FF3F17EE901A415CB8EEE76B94469A
:109EC80030EE460B02F8011B194603F1FF33E6D1C9
:109ED800B6EE006BB4EEC60BF1EE10FA00F3488153
:109EE800B4EE460BF1EE10FA04D117EE903ADB0708
:109EF80000F13E81002906DB4B1C1344302102F897
:109F0800011B9342FBD1131B0E93FCE60B9C0E9B8B
:109F1800DDF82490DDF828801396E3189D42294641
:109F280028BF194682460591FFF7D8B91B9B0C93A9
:109F3800DA1C02DB039A93420CDD0B9B023B0B936A
:109F480023F02005E7E62D2100238DF86710039301
:109F5800FEF722BE0C9B0E9A9342C0F2BD80F0071A
:109F68000C9B40F13281109A13440593710503D577
:109F78000C9B002B00F33581059B23EAE3730293C6
:109F880067230B9300230F930D9327E7229B8342AC
:109F9800BFF4B7AE30215A1C22921970229B984206
:109FA800F9D8AEE6F30700F1A780229BA9E624AA18
:109FB8005846059103F00CFB00287FF46EA896F82C
:109FC80000C0269A059927A86544FFF7ECBB1BEE4D
:109FD800101A24AA584603F0FBFA00287FF45DA85B
:109FE800269A0DF19C0AFFF76BB978238DF8693032
:109FF80030238DF86830039B632B48F0020600F38A
:10A00800A6800023079337AC18EE903A002B48F44B
:10A0180081782BDBB0EE48AB0B9B23F020050023A7
:10A0280009930B9B612B7FF4ADAAB0EE4A0B1BA8DA
:10A0380001F0AEFFB4EE007B20EE070BB5EE400B4F
:10A04800F1EE10FA01D101231B93464821E71BEEDC
:10A05800101A24AA584603F0BBFA00287FF41DA85A
:10A068001B9B269A0DF19C0AFFF74EB90B9B23F018
:10A0780020052D230993B1EE48ABD2E71B9A0C9229
:10A08800002A06F0010340F30D8103990B4340F0C9
:10A09800CF800C9B059366230B93720500F1A38078
:10A0A800059B23EAE37302936CE71BEE101A24AABC
:10A0B800584603F08DFA00287EF4EFAF1B9C0E9BE8
:10A0C800269A1C1B0DF19C0AFFF736B958238DE719
:10A0D80000220392FEF7DABB0E9B109A9A180C9B8B
:10A0E8000592002B40F3AB8067230B93D5E70B9ABF
:10A0F8000F32D2B2012118E6A018FBE5002940F082
:10A10800A88030228DF87A200DF17B02303302F8D6
:10A11800013B1EABD31A149349E601331249CAF81E
:10A1280004502A44072BCDE92532CAF800107FF7DE
:10A1380033AC1BEE101A24AA584603F049FA00283B
:10A148007EF4ABAFDDE925320DF19C0A26E4591CFB
:10A158005846FAF7E7FD044650B3079054E700BFA6
:10A1680008080020F40700200C7700206766666660
:10A17800CDF888C012F8011C90F80FC0614513464D
:10A188000AD14FF0300E03F801EC229B591E2291A0
:10A1980013F8011C8C45F6D0392916BF0131817A94
:10A1A800C9B203F8011CAEE600239046079360E7A6
:10A1B8001BEE102AB2F90C3043F040039381FEF7EE
:10A1C80016BCF5077FF5FEADF8E50593CEE6B5EECE
:10A1D80040ABF1EE10FA3FF48BADC2F101021B92D5
:10A1E80087E567230B9313990B78FF2B79D000250C
:10A1F8000C9A284603E001300131FF2B08D0934226
:10A2080006DAD21A4B78002BF5D10B780135F4E732
:10A218000C9213910D900F950F9A0D9B169913445C
:10A22800059A01FB0323059323EAE3730293D5E51B
:10A23800109BD3181944662305910B932DE7C3F19E
:10A2480001031A4422EAE2730293672305920B93EF
:10A2580098E60DF17A0259E7039BDDF80890DDF8DE
:10A268001C800593B4E418EE903A002BB4BF2D215E
:10A278009DF86710254C264BB8BF8DF8671028F05D
:10A288008008FEF779BC039B0293059373239DF81E
:10A29800671003900F900D900B93FEF77ABC022382
:10A2A800149384E5039A134305D10123662202938C
:10A2B8000B92059366E6109B01331A4422EAE27377
:10A2C8000293662305920B935CE6089A99F801308D
:10A2D800894652F8041B089241EAE1710391FEF79E
:10A2E800D3BA00230F930D9396E70C23CBF80030D5
:10A2F8004FF0FF330493FEF781BB1BEE102A9389BE
:10A3080043F040039381FEF7C8BE00BFEC0700206E
:10A31800F00700202DE9F04F2DED028BADF5377DCC
:10A328008B46B1F90C1002AF8C048146FA643B638A
:10A3380009D4DBF8643041F4005123F40053ABF83E
:10A348000C10CBF8643000231C460822194607F18C
:10A358005800FB62A246FCF7BDFB3C647C62BC6310
:10A368007C64834BD3F8E440FCF77EFC07F1580289
:10A378000346009207F15401FA6C4846A047051EAF
:10A38800FB6C33DB2B44FB647B6D2E46002B00F00B
:10A39800B680012D38D0252B40D0002DE1D0FB6CA4
:10A3A8009E1BDBF80430741E002B40F39880DBF80A
:10A3B800001094F801C091F800E0A31C0AEB030018
:10A3C800E64501F10101A3EB060204F10104A0EB4B
:10A3D800060040F09480DBF80430CBF80010013B15
:10A3E800AA42CBF80430DFDB8246BAE70133FB64CC
:10A3F80008224FF6FD73002107F158007B65FCF732
:10A4080069FB7B6D002B7AD05A4EF25C100700F185
:10A418001C85252B40F0868001252E46F86C0024EB
:10A428000278A046A2F12503411C552B67D8DFE826
:10A4380013F00A07660066006600660001076600FA
:10A4480066006600660066000C060C060C060C0624
:10A458000C060C060C060C060C060C0666006600BC
:10A4680066006600660066006600180666008E04D0
:10A47800C904180618061806660066006600660015
:10A48800820066006600BF046600660066008900F8
:10A4980066006600660066006B0666006600DD06FC
:10A4A800660066006600660066001806660090048E
:10A4B800CB04180618061806BE06D20682006600E7
:10A4C800E706F306AC06C104DA06660066008B00F0
:10A4D8007D00CA06660066006B0666007D00594668
:10A4E800484603F035F900283FF461AF7B6C002B38
:10A4F80001F05280BBF80C305A0601F14D803B6CDC
:10A5080043B13B6CD3F80080B8F1000F02D040464D
:10A51800FAF700FC786C07F53577BD46BDEC028B81
:10A52800BDE8F08FFB6C01255E1E3AE72307E6D1F4
:10A538004278084676E72207E1D1427844F00204DF
:10A5480008466FE744F00104F9640225DBF804309B
:10A55800002B40F30884600640F10F846B1E032B28
:10A5680001F2EB80DFE813F07B02F1014B010800F8
:10A57800407C00204D060020484601F0AFFC0368EF
:10A588003B6208F1FF33B3F5AE7F40F25A856FF4B2
:10A59800AE7508EB05033B6140F25D18002607F530
:10A5A800B87308EE109AC7E90566FE637E63FE611C
:10A5B800BE6444F4F064BB621D464646DBF80010F6
:10A5C8000A78A2F12B034E2B50D8DFE813F07E0354
:10A5D8004F007E034F004F00A300A600A600A60070
:10A5E800A600A600A600A600A600A6004F004F00E1
:10A5F8004F004F004F004F004F0074030B030B0335
:10A608000B039E0394034F004F0084034F004F0039
:10A618004F004F005D034F003A034F004F004F00BB
:10A6280033034F004F004F001E036D034F004F00D0
:10A638004F004F004F004F004F0074030B030B03F4
:10A648000B039E0394034F004F0084034F004F00F9
:10A658004F004F005D034F003A034F004F004F007B
:10A6680033034F004F004F001E036D03A0056FD545
:10A67800386A037893426BD1C7E902457E60814608
:10A6880018EE106A4FF000085C4607E0216091F868
:10A6980000E099F8000086451CD1DA4619F8010F48
:10A6A80045460AF1010B013108F10108002800F0C4
:10A6B80064866068013800286060E7DC214630461F
:10A6C80003F046F830B9216899F8000091F800E0E5
:10A6D8008645E2D0A3463A6ABC683D612B46B1463E
:10A6E800BE6CFD68BD6401335D4602EB0308B346EA
:10A6F8002646144618F8011D2A46484602F0E8FF87
:10A708004445F7D13B693446AAEB030A5E46AB469B
:10A71800BD6C20E0E00500F10185BB6CF96BD94206
:10A7280016D124F4C07405F8012B013EDBF804307F
:10A73800013B002B0AF1010ACBF8043040F36F8388
:10A74800DBF800300133CBF80030002E7FF436AF51
:10A75800BE6C18EE109A7B6B002B40F0DC82FB6B12
:10A76800013B012B41F21680731E062B40F227860F
:10A77800E3051BD5660501F1B58015F8011C6529AF
:10A7880005F1FF330AF1FF360AD0452908D05A46A9
:10A79800484602F09DFF15F8021CAAF10206AB1EFE
:10A7A8005A464846B2461D4602F092FF14F010027F
:10A7B8007FF4D7AD04F4C063B3F5806F2A7000F05E
:10A7C800D284BB69002B40F02C874846B96A002226
:10A7D800FBF796FEE0073B6B00F1C985A10700F186
:10A7E800C685B4EE400BF1EE10FA53F8044B80F135
:10A7F800F486B7EEC00B3B6384ED000AA2E308F1D0
:10A80800FF33B3F5AE7F40F2A2836FF4AE7208EB6C
:10A818000203FB6340F25D1807F5B8730022BE6BB4
:10A82800BB62594644F45864D3461D4692460A68AA
:10A838001078A0F12B034D2B60D8DFE813F08202CB
:10A848005F0082025F005F00CD02E001E001E001ED
:10A85800E001E001E001E0016F026F025F005F00CC
:10A868005F005F005F005F005F004E004E004E001B
:10A878004E004E004E005F005F005F005F005F000B
:10A888005F005F005F005F005F005F005F005F00C8
:10A898005F005F005F005F0076025F005F005F009F
:10A8A8005F005F005F005F005F004E004E004E00DB
:10A8B8004E004E004E005F005F005F005F005F00CB
:10A8C8005F005F005F005F005F005F005F005F0088
:10A8D8005F005F005F005F0076020A2E0EDD24F441
:10A8E80038644B6805F8010B013B002B4B6040F3C3
:10A8F8008D8201320A60B8F1010898D1E005D0468E
:10A90800BE63DA468B4607D5BB6A9D4200F22284B5
:10A91800BB6A9D423FF4F3AD14F0100210D1B96A3E
:10A92800BB6BFE6A2A704846B047A10640F108840E
:10A938003B6B53F8042B10603B637B6C01337B64E7
:10A94800BB6AED1A4544AA440BE5B8F1000F08BFED
:10A958004FF0FF38E00740F1958214F010037B6355
:10A9680040F07484210640F166863C6B54F8043B41
:10A97800FB63002B3FF4C3AD8020FAF7C3F9B8643A
:10A98800002800F07887FB6BBA6C1A603A6CD5889F
:10A9980093889D4280F052851068FB6B40F8253003
:10A9A8003B6C3C630135DD80BB6CBB6220233B62A2
:10A9B800DBF80030B14E1B78F35C13F0080340F06D
:10A9C800BB847C6A7E621D46FCF74EF9A8423FF4C0
:10A9D8008DADDBE9003207F5B87013F8011B41555E
:10A9E800013A032CCBE9003205F1010507F16806AD
:10A9F80002D13368042B04D0082200213046FCF72A
:10AA080069F807F5B872B96C00962B46484602F00B
:10AA18008BFC421C04463FF469AD002840F0788462
:10AA2800BB6C186002F0DCFC002840F05C86AA448D
:10AA380008F1FF387B6B002B40F03386BB6CFA6B58
:10AA48000433BB64002A00F02C86BA6A9D1A3B6A5C
:10AA5800B3EBA50F40F256877D6B00F05CBCB8F1F4
:10AA6800000F08BF4FF0FF38E00740F17B8214F079
:10AA78001003BB6240F0F383210640F1ED853E6B85
:10AA880056F8043B3B62002B3FF439AD8020FAF7BF
:10AA980039F90446002800F0EE863B6A3A6C1860E3
:10AAA800D58893889D4280F0DD8410683B6A40F821
:10AAB80025303B6C3E630135DD802023FC61BB61A2
:10AAC8007E6AC7F83CA00025C246A046FCF7CCF831
:10AAD800A8423FF40BADDBE9003213F8011B013A41
:10AAE80007F5B870CBE90032032E05F10103415593
:10AAF800BB6407F1600402D12368042B04D0082248
:10AB080000212046FBF7E6FF07F5B872BB6C0094FE
:10AB18004146484602F008FC421C06463FF4E6ACB3
:10AB2800002840F0CA82C8F80000054607F168030B
:10AB38000822002118467B63FBF7CCFF50497B6B4A
:10AB4800D1F8E0102A4648460D4607F15001A847BB
:10AB5800012800F0D583002207F170039B5C002BCD
:10AB680000F0A185FB6BBA6C032E1344FB6300F065
:10AB7800CA830AF1FF3ABB6A5BB93B6A08F1040869
:10AB88003BB1FB69A8EB0304BB69B3EBA40F40F22C
:10AB98000584DBF80430002B4FF0000540F3968263
:10ABA800BAF1000F92D1D7F83CA07E624446BB6A46
:10ABB800002B7FF4D6AB23603B6A002B00F0C281E8
:10ABC800FB69BA69E11A8B1001339A4240F2BA81E3
:10ABD8003C6A04312068FAF761FB002800F0B28172
:10ABE8002060AFE121057FF5B3ADFB6BB96C5B1855
:10ABF8007FF4AEADBB6424F4C074FB6393E5214BD2
:10AC080024F4386433F916606BE604F41863B3F57A
:10AC1800807F7FF49DAD7B6B012B7FF499AD302352
:10AC280005F8013B24F48074002344F40064013ED9
:10AC38007B6378E5BB6C062B40F074850723BB6407
:10AC480071E523057FF584AD04F4A063B3F5806F47
:10AC580005D061057FF57CAD7B6B002B47D0A30544
:10AC680004D47B6BF9695B1AC7E9055324F478644B
:10AC7800002344F4C0747B6355E500BF4D060020F3
:10AC8800407C00207C220020FB6B002B00F0FF8121
:10AC9800FB6B022B00F0B083BB6C012B00F0F18141
:10ACA800042B00F0EE8153E5BB6C072B40F03A858E
:10ACB8000823BB6437E5200500F1F981FB6B012B04
:10ACC8007FF446AD0223FB632DE523067FF540ADF7
:10ACD80024F0800427E5BB6C002B40F0CC817B6B13
:10ACE800B3B904F4E063B3F5E06F00F02085BE6CFF
:10ACF80018EE109A33E5210500F1B781BB6C022BE1
:10AD080040F010850323BB640DE520059CD56CE756
:10AD1800BE6C18EE109A24F4807420E58D4B33F93C
:10AD28001660082E3FF7DBADE8E504F4C063B3F521
:10AD3800007F7FF4E3AD24F4007444F4A06410268B
:10AD4800CFE523067FF5DAAD24F08004C9E544F0A9
:10AD58000104DBF80430F964002B44F040044FF0A0
:10AD680000053FF7F8AB5946484602F0F1FC0028C9
:10AD78007FF4BCAB60063FF5F1ABDBF80020764E04
:10AD88001378F35C19077FF5E9ABDBF80430013B76
:10AD9800002B0AF1010ACBF8043002F101024ADD66
:10ADA800CBF800201378F35C19077FF5D7ABECE7F5
:10ADB80044F00104694BFB620823F964BB63032573
:10ADC800FFF7C4BB44F00104654BFB620A23F96436
:10ADD800BB630325FFF7BABB23057FF582AD16B920
:10ADE80044F400740826630500F1A681FB6B24F483
:10ADF80060741BB1013BFB6308F101084B68013B20
:10AE0800002B0AF1010A4B603FF773AD4846B9645D
:10AE180002F09EFCB96C00283FF46DAD6EE518EEAB
:10AE2800100A594602F094FC00287FF491AC002ED9
:10AE38007FF4C4AB8CE45946484602F089FC0028EC
:10AE48007FF454ABDBF800209AE7DBF804200FE02E
:10AE5800DBF800301A78B25C110703F101037FF5C3
:10AE680080AADBF80420013ACBE900320AF1010A92
:10AE7800002AEDDC5946484602F06AFC0028E7D073
:10AE8800FFF76FBAE10600F1498314F0800400F07F
:10AE9800AB833C6B54F8046BBE64002E3FF42FABBD
:10AEA8002020F9F72FFF0546002800F062843A6C4D
:10AEB80030609388D6889E4280F0A8821068BB6C68
:10AEC80040F826303B6C3C630136DE802023FB6370
:10AED800DBF80020204E1178715C080700F1AC8285
:10AEE80033462C4610462E46DBF80410BA6C01395E
:10AEF800CBF80410411CCBF800103546017805F852
:10AF0800011B22B1FA6B2E1B964280F07A83B8F1AE
:10AF180001080BD0DBF8041000292E4640F3AE835D
:10AF2800DBF800000178595C0907DDD5291B8A4444
:10AF380001314FF000032B70BB6C1BB1FB6B8B42D4
:10AF480000F294837B6C01337B64FFF70ABA002319
:10AF5800FB6361E47C2200204D06002015AE000052
:10AF680051440000E60600F1818114F0800400F0ED
:10AF78006D833C6B54F8046BBE64002E3FF4BFAA8B
:10AF88002020F9F7BFFE0546002800F0F2833A6C4E
:10AF980030609388D6889E4280F07A821068BB6CB5
:10AFA80040F826303B6C3C630136DE802024DBF819
:10AFB800002007F1700319461378CB5C002B3FF48F
:10AFC8009EAA08EE109AD7F84890C7F83CA02E46DB
:10AFD800A24610460C46DBF80410431C0139CBE9A5
:10AFE80000312946007801F8010BB9F1000F02D0B1
:10AFF8008D1B55457AD20D46B8F101080AD0DBF809
:10B008000410002940F36A81DBF800000178615CD4
:10B018000029E0D1544618EE109AD7F83CA0AE1B90
:10B028003FF46DAA4FF000032B70BB6C1BB1711C71
:10B038008C4200F22D837B6C0133B2447B64FFF7B2
:10B0480090B900233B61FFF7A9BA14F08F0F7FF482
:10B0580056AA08EB880802EB4808A8F13008FFF761
:10B0680067BAF9640425FFF771BAFB6BB96C5B1812
:10B078007FF444AEBEE5BB6C032B02D0052B7FF4F6
:10B0880067ABBB6C0133DBB2BB64FFF74CBB7B6BBC
:10B09800002B7FF401AE04F4E063B3F5E06F7FF4B6
:10B0A800FBAD012324F4F064FB63FFF73CBBFB6BAF
:10B0B800B96C5B187FF402AE9CE5831C40F05B849E
:10B0C800DBF80430BD6C002B3FF700AD594648460D
:10B0D80002F03EFB00283FF463ADD7F83CA07E6247
:10B0E8004446002D3FF463ADFFF700BA4FEA4A0A21
:10B0F80030465146FAF7D2F80646002800F0398360
:10B108000544C9F8000077E744F40074BC4BFB62BF
:10B118001023F964BB630325FFF718BA7B6B01336F
:10B128007B633B6924F08004002B3FF4FEAA3B6953
:10B13800013B3B61FFF7FABA24F4B064FFF7D1BBD7
:10B14800220740F1C7813B6B53F8042B3B63107017
:10B15800FFF7F3BB15F8011C5A464846013D02F0BB
:10B16800B7FAFFF7D5BBFB697A6B93423FF42DAB77
:10B178009A1A07F2C3239D4228BF07F2C225A149A4
:10B18800284600F059FEFFF720BBE20600F13181A6
:10B19800230700F1BA81660740F1B4823B6BF9647A
:10B1A80053F8042B3B63A2F800A0FFF7DAB8230793
:10B1B8007FF4A5A94278682A00F0868144F0040447
:10B1C8000846FFF72FB98E4BFB620A23F964BB636D
:10B1D8000325FFF7BBB98C4BFB620023F964BB6303
:10B1E8000325FFF7B3B944F408748FE707F170003B
:10B1F80000F0DEFD44F04004F8640125FFF7A6B92D
:10B2080022077FF47CA942786C2A00F0578144F029
:10B2180001040846FFF706B914F08F037FF46FA9FD
:10B228003A6C002A00F0E781427844F0800408462E
:10B23800FFF7F8B858EA04087FF461A942781024A7
:10B248000846FFF7EFB8F964FFF7A7B800233B6299
:10B25800BB62FB6307F15403BB64FFF7A9BB002380
:10B26800C7E906333B6207F1540429E4DBF80030F0
:10B2780007F1700211461A788A5C002A3FF43FA948
:10B288000133CBF80030DBF80430B8F1010F03F1DB
:10B29800FF33CBF8043018BF0C4614D1FFF753BB6B
:10B2A800DBF800301A78A25C0133002A3FF44BAB7C
:10B2B800CBF80030DBF804300135013B4545CBF8CD
:10B2C80004303FF440AB002BEADC5946484602F014
:10B2D8003FFA0028E4D0AA44FFF743B818EE100A52
:10B2E800594602F035FA00283FF48EAEB54254466E
:10B2F80018EE109AD7F83CA07FF491AEFFF7F6B895
:10B3080097F8502028E42368042B7FF432AC32E409
:10B31800831C40F03983DBF80430002B40F3D781DD
:10B32800DBF800307A6A1B78D35C180703D4B8F1CD
:10B33800000F7FF449AB7C627B6B002B7FF411A874
:10B34800BA6C1360FB6B002B3FF4FCADBB6AD11ADF
:10B358008B103A6A01339A427FF6F4ADFC6B0431E4
:10B368002068F9F79BFF00287FF43AACEAE553F828
:10B37800042B82ED000B3B63E4E5FD68396A7E68C7
:10B3880028464246A346BC6800F076FD7B6BFB610D
:10B3980024F42074013E0546FFF7C8B9F869D900BE
:10B3A8001D46F9F77BFFF861002800F064823A6ACD
:10B3B8006B0000EB04081060BB61FFF7EABB022ECC
:10B3C80040F2C482032E3FF4D3A9043E5FFA86F804
:10B3D8006FEA0803EE1815F8011D5A46484602F0B0
:10B3E80077F9AE42F7D10AF1FF3AAAEB080AFFF75C
:10B3F800BFB9F964FEF7B5BF0323FB63FFF793B941
:10B4080015AE000044060020514400004FF6F672C5
:10B41800934200F297823A6C08339BB21068F86343
:10B4280099007B63F9F73AFF002800F07B823A6CB9
:10B438007B6B9380106042E501217AE54FF6F67246
:10B44800934200F2938208339EB23B6CB1001868B5
:10B45800F9F724FF3B6C002800F03E829E801860BC
:10B46800FFF79BBA4FF6F672934200F27F823A6C6E
:10B4780008339BB299001068BB64F9F70FFFBB6CE7
:10B48800002800F028823A6C93801060FFF70EBB0A
:10B498004FF6F672934200F255823A6C08339BB22B
:10B4A8001068F86399007B63F9F7F8FE002800F04C
:10B4B80039823A6C7B6B9380106070E5827844F037
:10B4C80002040230FEF7AEBF827844F0080402306E
:10B4D800FEF7A8BF630758D414F001027FF428AA26
:10B4E800A6077FF525AAB34BF96A99424846BB6B74
:10B4F800B96A00F03D8201F045FE3B6B53F8042B1E
:10B508003B63C2E90001FFF718BA3B6BF96453F8D3
:10B51800042B3B6382F800A0FEF723BFDBF8003062
:10B52800A54E1A78B25C12073EF51BAF0133CBF873
:10B538000030DBF80430B8F1010F03F1FF33CBF82A
:10B54800043008BF0AF1010A3EF40BAF012411E0F0
:10B55800DBF800301A78B25C150703F1010311D447
:10B56800CBF80030DBF804300134013B4445CBF81C
:10B57800043007D0002BEBDC5946484602F0E8F8C7
:10B588000028E5D0A244FEF7ECBE3B6B53F8042B31
:10B598003B631080FFF7D1B93B6C002B00F06E8144
:10B5A8003B6CD3F80080DE8876B10024A8F104054E
:10B5B800A14655F8043F1868F9F7ACFB01342B682D
:10B5C800A642C3F80090F4D14FF0FF337B64B8F182
:10B5D800000F7EF49CAFFEF79DBF78483B63FBF7F6
:10B5E800E7FD84ED000AADE43A6BFC6352F8045BB6
:10B5F8003A63BC646CE482B0CDE9023302AB3B64CD
:10B6080012E67B63530020461946FB63F9F746FEB2
:10B618000446002800F0AD80BB6C851918607B6B70
:10B6280075E47D6929460A2301314846FBF710F87D
:10B63800BB69C21A9DE5D7E90C3253F8041B3A627C
:10B64800B9643B63BA62FA63FFF7B2B93B6BBC6497
:10B6580053F8045B3B63AAE43B6BBA6A53F8044BA8
:10B66800BA61C7E907223B63FFF72ABABC6C2068B6
:10B67800F9F714FE00287FF4B3AA63E45946484654
:10B688007B6302F065F87B6B00283FF449AC4DE41E
:10B6980018681C46F9F702FE00283FF4CCAC20607D
:10B6A800C9E4002537E6BD6CD7F83CA07E62444665
:10B6B800002D3FF47CAA013D07F5B8735A46595D41
:10B6C800484602F005F8002DF5D1FFF770BA594643
:10B6D800484602F03DF800283FF422AE7C62002D77
:10B6E8007EF404AF28E67C62002D3FF425AE013DD0
:10B6F80007F5B8735A46595D484601F0E9FF002D31
:10B70800F5D119E6E5073CD4A4073AD53B6BF964B3
:10B7180053F8042B3B634FEAEA73C2F800A0536066
:10B72800FEF71FBE18EE109A1E46FFF714B8012345
:10B7380024F4F064BB64FEF7F6BFB8F1010F38BF1C
:10B748004FF0010814F001033AD1E50600F1368103
:10B75800240640F14C813B6B53F8045BBB64002D1D
:10B768003EF4CDAE4046F9F7CDFA0346002840F046
:10B77800DC803B6C002B00F08180D3F80080DE88F1
:10B7880012E73B6BF96453F8042BC2F800A03B6343
:10B79800FEF7E7BD2B46BD6AAB427EF6B0AE1C464F
:10B7A80014F8011D5A46484601F092FFAC42F7D101
:10B7B800FEF7A5BE15AE00004D0600203C04002093
:10B7C80014F010037B635ED00025FD63BD642E4634
:10B7D80000244B46C146A84625461C46FBF744FABA
:10B7E800A8423EF483AEDBE9003213F8011B013AAC
:10B7F800CBE900327A6A07F5B870032A415505F19A
:10B80800010307F1680502D12A68042A06D0082234
:10B8180000212846BB62FBF75DF9BB6A009507F576
:10B82800B87231462046BB6201F07EFD431C786247
:10B838003EF45CAEBB6A002840F047817A6B02B9DF
:10B8480032609A4409F1FF397B6B002B40F0758117
:10B85800BB6C002B00F07081FB6BF51AB8EBA50FE1
:10B8680000F26A8118464FEAC801F9F717FDF86334
:10B87800002840F05C813B6C002B2DD14FF0FF334A
:10B888007B64FEF747BE220640F18F803C6B54F87C
:10B89800043BBB64002B3EF432AE8020F9F732FA49
:10B8A80006460028E7D0BB6C18603B6CDD889A8898
:10B8B8009542C0F0B3804FF6F6718A4256D80832E6
:10B8C80093B23A6CFB6399001068F9F7E7FCFB6BDD
:10B8D800002840F0AE803B6CDB883A6C1E46D2F8FC
:10B8E800008061E62B46BD6AAB427EF608AE1C4678
:10B8F80014F8011D5A46484601F0EAFEAC42F7D159
:10B90800FEF7FDBD1046D9001E46F9F7C7FCB86220
:10B918000028B0D04219BA64FA6B7D6B10607300CE
:10B928003B62F8E4D7F83C803EE6396C2860CE8864
:10B938008A889642C0F08E804FF6F6718A42386344
:10B9480040F2A5803B6CD3F800802DE6BA6A954298
:10B958007EF6D5AD2C46BD6A14F8011D5A464846F8
:10B9680001F0B6FEAC42F7D1FEF7C9BD2B46B4E7ED
:10B9780001F0D8FCC1E5D8F800301D4601337FF44A
:10B98800D5A82A46FFF7E8B8BB6C186801F028FD6F
:10B9980000287FF4A8AE032CAA447FF449A8336892
:10B9A800042B7FF445A8FFF745B8D7E90C3253F8C4
:10B9B800046B3B631546FA63BA6409E71C46DBF877
:10B9C8000430984539DDDBF800201A44CBF8002014
:10B9D800594648461C44A8EB030801F0B9FE002864
:10B9E800EDD0002C3EF482ADA244FEF7BABC3D6B0C
:10B9F80043462968CDF800B00122484601F0C6FE4A
:10BA0800044600283EF472AD0435BD647B6C0133F6
:10BA18007B64BB6C3B63A244FEF7A3BC1868BB6C99
:10BA280040F825303B6C3C630135DD80FE63202502
:10BA3800CEE63A6C93801060F1E7A3EB0803CBF8ED
:10BA48000430DBF8003044444344CBF80030A244CF
:10BA5800FEF787BC0A68FA63FA6B42F826503A6C1C
:10BA68000136B6B2D6801946CDF800B04346012259
:10BA7800484601F08BFE0446D8B18045C6D92868EF
:10BA88002146F9F70BFC0028C0D02860BEE73B6CC4
:10BA9800083294B21A687A631046A100F9F7FEFBDF
:10BAA8007A6BF86300285BD03B6C9C8018603B6B1A
:10BAB800D2E77B6CD7F83C80002B3FF475ADBBF820
:10BAC8000C305B067EF51DAD6AE57A6A02321DD13F
:10BAD800DBF80420002A1D463FF780AE5946204671
:10BAE80001F036FEE0B9B9F1000F7FF477AE4546B4
:10BAF800A146BB6C23B1FB6BF11AB5EBA10F27D89C
:10BB08007B6B002B7EF42DACFFF71CBA9A447B6A42
:10BB1800032B7FF497AE2B68042B7FF493AE93E648
:10BB2800A1462C464546002CE3D0FEF7DFBCBA6C94
:10BB3800461910604FEA48080436DBF80430002B39
:10BB48004FF00005CADDB9F1000F7FF447AECEE72C
:10BB5800BC6C2068F9F7A2FB0028D1D02060CFE7A1
:10BB6800904621E570B500294BD006460C4610B129
:10BB7800436B002B48D0636ED80734D5B4F90C302A
:10BB8800002B3ED02146304600F050F8E36A0546C7
:10BB980033B1E169304698470028B8BF4FF0FF3508
:10BBA800A3891A063CD4216B41B104F140039942A0
:10BBB80002D03046FBF796FB00232363616C21B16A
:10BBC8003046FBF78FFB00236364FAF7FDFD636ED5
:10BBD8000022DB07A2811FD5A06DFBF7DDF8FAF77D
:10BBE800F9FD284670BDA3899905CBD4A06DFBF754
:10BBF800D5F8B4F90C30002BC4D1656E15F00105E9
:10BC080005D00025284670BDFAF7C0FDB3E7A06D42
:10BC1800FBF7C6F8284670BDA06DFBF7C1F8DBE757
:10BC280021693046FBF75EFBBDE700BFB1F90C2088
:10BC38002DE9F0410C461107804647D4636842F469
:10BC48000062002BA2815EDDA56A002D58D000237A
:10BC5800D8F80060C8F8003093B212F4805256D178
:10BC68000123E1694046A847431C67D0A389A56A18
:10BC78005F0705D56368C01A236B0BB1E36BC01A65
:10BC8800E169024600234046A847411C41D1D8F843
:10BC98000030002B3DD01D2B01D0162B56D1A38987
:10BCA8002269226023F4006300216160A381216B73
:10BCB800C8F8006021B304F14003994202D040461D
:10BCC800FBF710FB00202063BDE8F0812669BEB1B8
:10BCD80093B2256826609A070CBF63690023AD1BE1
:10BCE800A3600BE02B463246E169676A4046B847D5
:10BCF800B0F1000CA5EB0C05664417DD002DF1DC56
:10BD08000020BDE8F081E36B002B9DDCF8E7206D97
:10BD1800AEE7B4F90C302269226023F40063A381F2
:10BD28000022DB046260C2D52065C0E7A38943F026
:10BD380040034FF0FF30A381BDE8F081D8F8003010
:10BD4800002B93D01D2B06D0162B04D0A38943F0CB
:10BD58004003A381D5E7C8F80060D1E738B50C46A1
:10BD6800054608B1436B03B3B4F90C0088B1636EA0
:10BD7800DB0701D481050FD528462146FFF756FF7A
:10BD8800636EDA07054602D4A3899B0508D52846C1
:10BD980038BD0546284638BDA06DFAF7FFFFEBE72A
:10BDA800A06DFAF7FDFF284638BDFAF7EFFCDBE790
:10BDB80070B50C785E2C86461ED00022481C94462E
:10BDC8000EF1FF330EF1FF0103F8012F8B42FBD177
:10BDD80084B18CF001010EF80410451C15F8013CE3
:10BDE8002D2B0ED05D2B03D01BB11C462846F2E745
:10BDF800284670BD013870BD01224C78881C9446D5
:10BE0800DEE790F801C0BCF15D0FEED06445ECDCD4
:10BE1800661C02300EEB060202F8011BA2EB0E03B1
:10BE2800013B9C45F8DCACEB0403013B6445A8BF2F
:10BE3800002302359C19D1E70EB410B59DB06FF000
:10BE480000411FABCDE906010491094953F8042BC1
:10BE58000290084C0868019302A90594FCF7B8FC05
:10BE6800029B00221A701DB0BDE8104003B0704755
:10BE7800C88100200802FFFF41EA00039B0730B495
:10BE880001D1032A0FD801F1FF3C07E01CF8011F7C
:10BE980003F8011B541EC1B1224618460346002A66
:10BEA800F4D130BC70470B46194653F8045BA5F132
:10BEB800013424EA050414F0803FE4D1043A032A4B
:10BEC80040F8045B1946EFD8DDE70244002CE8D0BF
:10BED80003F8011B9342FBD130BC70470048704700
:10BEE800307D00200000000000000000000000007D
:10BEF80001F0FF01102A2BDB10F0070F08D010F813
:10BF0800013B013A8B422DD010F0070F42B3F6D116
:10BF1800F0B441EA012141EA014122F007047FF02F
:10BF280000070023F0E80256083C85EA010586EA86
:10BF3800010685FA47F5A3FA87F586FA47F6A5FAC2
:10BF480087F68EB9EED1F0BC01F0FF0102F00702CE
:10BF580032B110F8013B013A83EA010313B1F8D179
:10BF68000020704701387047002D06BF354603385A
:10BF7800073815F0010F07D1013015F4807F02BF93
:10BF8800013015F4C03F0130F0BC0138704700BFE4
:10BF980030B482B08DED000B019A194C22F00043A9
:10BFA8000021A342016021DC009C1C431ED0154CDB
:10BFB800144054B99FED107B20EE077B8DED007B7C
:10BFC800019A6FF0350122F0004322F0FF42DDE9CB
:10BFD800004522F4E00242F07F551B1545F4001598
:10BFE800A3F2FE33CDE900450B4403609DED000B41
:10BFF80002B030BC704700BF000000000000504392
:10C00800FFFFEF7F0000F07F00B50B4C256814465A
:10C01800EE681A4685B003460D464CB107490095AF
:10C02800CDE901143046064901F0BEFAF7F780FA67
:10C0380004490C46F3E700BFC88100203004002003
:10C04800400400203C04002038B5A1FB02148CBB3E
:10C05800F8F768FE0546E0B150F8042C22F0030218
:10C06800043A242A17D8132A1AD91B2AC0E90044EB
:10C078001DD9242A14BF00F1100200F118024FF054
:10C088000003C0E9024404BF04614461C2E900330B
:10C098009360284638BD2146FAF71CFD284638BD6E
:10C0A80002460023C2E900339360284638BD00F1F8
:10C0B8000802F6E7FAF744FE0C2300250360E8E7D8
:10C0C8002DE9F04F03690C69A34283B0C0F2878061
:10C0D800013C01F11405A30000F11408009355F880
:10C0E800243058F82420013381469A4208EB840012
:10C0F80005EB84070190B2FBF3F63BD34FF0000C3D
:10C10800AE464046E24663465EF804BB02681FFA44
:10C118008BFC06FB0C334FEA134C4FEA1B4B06FB18
:10C128000BCC9BB2AAEB03031FFA8CFA13FA82F327
:10C13800CAEB124202EB23429BB243EA0243774521
:10C1480040F8043B4FEA224A4FEA1C43DCD2009BEA
:10C1580058F8033073B9019B043B984504D307E0B2
:10C16800984504F1FF3403D253F80429002AF7D084
:10C17800C9F810404846FCF7BFF800282BDB013609
:10C188004146002355F8040BD1F800C082B29A1A30
:10C19800030C12FA8CF2C3EB1C4303EB224392B25A
:10C1A80042EA0342AF4241F8042B4FEA2343E9D263
:10C1B80058F8242008EB84036AB9043B984504D353
:10C1C80007E0984504F1FF3403D253F80429002A04
:10C1D800F7D0C9F81040304603B0BDE8F08F002012
:10C1E80003B0BDE8F08F00BF2DE9F04F2DED028BB5
:10C1F8008FB08DED020B0191816B1A9D059357EC61
:10C20800106B0446934641B1C26B4A6001239340C8
:10C218008B60FBF7B9FD0023A363B7F10008B4BF37
:10C22800012300232B60BE4BBCBF28F00048CDF88B
:10C238000C8033EA080300F09F809DED028BB5EE79
:10C24800408BF1EE10FA11D1059A012313601B9B64
:10C25800002B00F03F82B34B1B9A1360013B009305
:10C2680000980FB0BDEC028BBDE8F08F0CAA0DA9A9
:10C278002046B0EE480BFCF79FF95FEA18530546D5
:10C2880040F09280DDE90C130B4403F23242202A7D
:10C2980040F3FA82C2F1400208FA02F803F21242AD
:10C2A800D64048EA060207EE102AB8EE477B581E29
:10C2B80017EE906A53EC172B4FF0010AA6F1F873AA
:10C2C8009FED913B9FED927B9FED935B06EE900A6D
:10C2D80043EC122BB8EEE64BB7EE086B32EE466B2A
:10C2E800A6EE037BA4EE057BFDEEC76BB5EEC07B27
:10C2F800F1EE10FA16EE907A08D5B8EEE66BB4EEC9
:10C30800476BF1EE10FA18BF07F1FF37162F00F24E
:10C318004581854B03EBC70393ED007BB4EEC78BD8
:10C32800F1EE10FA57D5091A0023B1F1010807F107
:10C33800FF370A9300F1398100230693002F52DA60
:10C34800069B0497DB1B06937B420893019B092BF2
:10C358004FF000074ED8052B40F39D82043B019314
:10C368000026019B9A1E032A00F22581DFE812F0BD
:10C37800AA03A7039D037E03059AC8F3130842F294
:10C388000F7358EA060813601ED11B9B002B00F0A0
:10C398009185664B009308331B9A009813600FB081
:10C3A800BDEC028BBDE8F08F18EE906AC6F3130659
:10C3B800A3F2FF3053EC182B46F07F530C994FF043
:10C3C800000A43F440137BE71B9B002B40F03B83A0
:10C3D800574B009344E7091A0023B1F101080A9367
:10C3E80000F1E380069300230893019B0497092B2F
:10C3F800B844B0D900230126019307964FF0FF39BE
:10C408009B460021E163CDF82C902046FBF796FC73
:10C418000090002800F04085009BA363B9F10E0F3F
:10C4280000F2DC80002E00F0D980049B002B40F342
:10C43800DE833D4A03F00F0102EBC10292ED007B5F
:10C448001A11DB0540F182833A4991ED086B02F03D
:10C458000F02032088EE065B5AB13649D60704D589
:10C4680091ED006B013027EE067B521001F10801B7
:10C47800F4D185EE076B0A9B3BB1B7EE007BB4EEB7
:10C48800C76BF1EE10FA00F1AE8407EE900AB8EE31
:10C49800E75BB1EE0C7BA5EE067B17EE902A51EC1C
:10C4A800170BA2F15071B9F1000F00F08883049EB8
:10C4B8004A46079B002B00F04784B6EE003B1A4B18
:10C4C800FDEEC64B03EBC20CB8EEE47B36EE477BC1
:10C4D8001CED026B83EE065B41EC160B14EE900A22
:10C4E80035EE465B0099B4EEC75B3030F1EE10FADA
:10C4F80001F8010B00F3AC84B7EE002BB2EE044B4D
:10C508004FF0000C31E000BF61436F63A787D23F53
:10C51800B3C8608B288AC63FFB799F501344D33F2A
:10C528000000F07F25080020A80200205007002006
:10C538005C070020800200200CF1010C94454DDAC4
:10C5480027EE047B25EE045BFDEEC76B16EE903AF2
:10C55800B8EEE63B303337EE437BB4EEC57BF1EE05
:10C5680010FA01F8013B00F1738432EE476BB4EE28
:10C57800C56BF1EE10FADFD5009A049602E08A4204
:10C5880000F05084894611F8013D392BF7D001336A
:10C59800DBB20B70049B0133049355E1091A0123A4
:10C5A800B1F101080A937FF5C7AEC1F10103069303
:10C5B8004FF00008C2E60026E66331462046FBF746
:10C5C800BDFB0090002800F06784009BA3634FF038
:10C5D800FF330B9399460123B34607930D9A002A1C
:10C5E80055DB04990E2952DCB74BBBF1000F03EB66
:10C5F800C10393ED006B15DAB9F1000F12DC40F0BE
:10C60800F282B1EE047B26EE077BB4EEC78BF1EE27
:10C6180010FACA464E4600F26D82DDF800806FEAD5
:10C628000B0B70E288EE067BBDEEC77B009917EE18
:10C63800103AB9F1010F03F13003B8EEC75B01F806
:10C64800013BA5EE468B00F03483B2EE044B012388
:10C6580011E088EE067BBDEEC77B013317EE102A8A
:10C668004B4502F13002B8EEC75B01F8012BA5EE8D
:10C67800468B00F01E8328EE048BB5EE408BF1EE5E
:10C6880010FAE6D1049B013304938946DCE0079B4A
:10C6980043B3019B012B40F37682089B09F1FF3AD3
:10C6A800534580F23F82089BCDF820A0AAEB0302F5
:10C6B80017444FF0000AB9F1000FC0F22583069B1A
:10C6C80009934B44C844069301212046FBF760FCBC
:10C6D80006460CE07D4B009300980FB0BDEC028B32
:10C6E800BDE8F08F069BDDF820A0079E0993099B03
:10C6F8006BB1B8F1000F0ADD434506991A46A8BF89
:10C708004246891A9B1A06910993A8EB0208089BCE
:10C7180063B1079B002B00F0A782BAF1000F00F36A
:10C728000482089BB3EB0A0240F0FF8201212046F5
:10C73800FBF72EFC002F824600F3AF80019B012BF4
:10C7480040F38781002308930120002F40F0B18037
:10C75800404410F01F0000F07A81C0F12002042A42
:10C7680000F3888040F0F681069B002B05DD294602
:10C778001A462046FBF748FD0546B8F1000F05DDCF
:10C78800514642462046FBF73FFD82460A9B002B56
:10C7980040F03F81B9F1000F40F32581079B002B42
:10C7A80040F0A380049B01330493DDF80080012747
:10C7B80007E0294600230A222046FBF7EFFA013753
:10C7C800054651462846FFF77BFCB94500F1300085
:10C7D80008F8010BEDDCB9F1000F009ACCBFCB468D
:10C7E8004FF0010B034693440027294601222046B7
:10C7F8000193FBF709FD51460546FBF77DFD00282F
:10C8080040F3AF811BF8013C009A0BF1FF3B04E0B9
:10C818005A4500F0B1811BF8013D392B0BF1010994
:10C82800F6D001338BF8003051462046FBF7ACFABE
:10C8380056B12FB1B74203D039462046FBF7A4FAC8
:10C8480031462046FBF7A0FA29462046FBF79CFA1A
:10C85800002389F80030DDE904231A601B9B002BB4
:10C868003FF4FEAC0098C3F800900FB0BDEC028B0B
:10C87800BDE8F08FC0F11C00069B03440693099B9A
:10C888000344099380446FE7C2F1200206FA02F2DA
:10C8980007EE102A09E5012663E501463A462046D7
:10C8A800FBF752FC019B012B824640F3C581002314
:10C8B8000893DAF810200AEB82021069FBF718FBDC
:10C8C800C0F1200044E700BFA8020020240800208F
:10C8D800314600230A222046FBF760FA0B9B002B07
:10C8E800064640F3CE8204979946099B002B05DD46
:10C8F80031461A462046FBF787FC0646089B002B64
:10C9080040F0EB81B046029B009F03F001027B1EC2
:10C918004B440893019B0A921343099351462846B6
:10C92800FFF7CEFB314683462846FBF7E5FC424637
:10C93800514681462046FBF701FDC26801460BF1CE
:10C948003003002A42D1CDE906032846FBF7D4FC80
:10C95800069902902046FBF717FA029A079B1AB924
:10C968000999002900F07E82B9F1000FC0F2838195
:10C97800019949EA01090A9951EA090900F07B81FC
:10C98800002A00F3C681089A3B7007F10109974213
:10C99800CB4600F0C481294600230A222046FBF733
:10C9A800FDF94645054631464FF000034FF00A02AF
:10C9B800204612D0FBF7F2F94146064600230A2228
:10C9C8002046FBF7EBF94F468046A7E7204602933F
:10C9D800FBF7DAF9029B0122C6E7FBF7DFF94F46BE
:10C9E800064680469AE7019B022B71DC079B002BC9
:10C9F8007FF47BAF049B5146013328460493FFF72D
:10CA08005FFBDDF800B000F130030BF8013B0027B5
:10CA1800EBE651462846FBF76FFC0028BFF6BAAE96
:10CA2800294600230A222046FBF7B8F9049B5F1E1B
:10CA3800079B0546002B7FF44BAF0B9B002B40F365
:10CA480018829946B1E6BC4B00930333A4E41C203A
:10CA580012E7DDE9020100287FF474AEC1F3130286
:10CA6800002A00F0F480029B08936DE601230793E7
:10CA7800049B5B4403F10109B9F1010FCC460B9308
:10CA8800B8BF4FF0010C0021BCF1170FE1637FF72D
:10CA9800BCAC01200422520002F114036345014694
:10CAA80000F10100F7D9E163AFE401230793BBF17B
:10CAB800000F52DDCDF82CB0D946DC46E3E7002361
:10CAC8000793D5E700230793F1E7DDF82C90049747
:10CAD800B9F1000F7FF4A1AD51464B46052220461F
:10CAE800FBF75CF9014682462846FBF705FC00285F
:10CAF8007FF793AD049B03F1010B009B312298460D
:10CB080003F8012B009351462046FBF73DF90BF142
:10CB18000103DDF800900493CDF80080002E7FF427
:10CB28008FAE91E6A3EB0A0AC5E531465246204688
:10CB3800FBF70AFB2A46014606462046FBF756FA4B
:10CB4800294605462046FBF71FF9EAE50220B0EE24
:10CB5800485B81E4C0F13C008EE64FF0010BD946FA
:10CB68004FE403D1019BDB073FF54CAED9461BF8D8
:10CB7800013D302BFAD057E6049B009A0133049309
:10CB88003123137050E6BAF1000F00F0238102F24E
:10CB98003342069B09931344DDF820A00693904482
:10CBA80092E507EE900AB1EE0C5BB8EEE77BA6EED5
:10CBB800075B15EE902A51EC150BA2F1507141EC70
:10CBC800150BB1EE047B36EE477BB4EEC57BF1EE78
:10CBD80010FA00F33781B1EE455BB4EEC57BF1EE98
:10CBE80010FA7FF5FBAC4FF0000A564615E500F049
:10CBF800F580049B51495A4202F00F0001EBC00135
:10CC080091ED006B121128EE066B00F04281B0EE38
:10CC1800467B4B4900260220D30705D591ED005BE2
:10CC28000130012627EE057B521001F10801F3D1EE
:10CC3800002E06FE076B1EE4029B002B7FF437AE26
:10CC4800DDE90201C1F31302002A40F037813D4AB1
:10CC58000A40002A00F0FA80069B0133069301235C
:10CC680008F1010808936FE52946089A2046FBF762
:10CC78006BFA05465AE5002A12DD294601222046AC
:10CC88000193FBF7C1FA51460546FBF735FB00282F
:10CC9800019B40F3E180392B00F0CA800BF131038E
:10CCA800B94609F8013B049B0133374604934646CD
:10CCB800BAE538EE088BB4EEC68BF1EE10FA0ADC52
:10CCC800B4EE468BF1EE10FA7FF4DCAC17EE103AB6
:10CCD800D8077FF5D7AC009A54E471682046FBF773
:10CCE8002DF80746002800F0DE80336902339A00E9
:10CCF80006F10C010C30F6F75DFA394601222046A0
:10CD0800FBF782FA8046FEE5069BA3EB090309932D
:10CD1800DAE4392B00F08C80B9460133C1E7049A74
:10CD280001323746049246465FE529462046FBF71E
:10CD38000BFA0546FAE400BF5C070020A8020020B1
:10CD4800800200200000F07F5E4BFDEEC65B03EB27
:10CD5800C20C1CED023BB8EEE57B36EE477B41EC9E
:10CD6800160B15EE901A23EE063B00983031012A77
:10CD780000F8011B00F08380B2EE044B009B991869
:10CD880027EE047BFDEEC76B16EE903A303300F8C1
:10CD9800013B8142B8EEE65B37EE457BF0D1B6EE5B
:10CDA800006B33EE065BB4EEC75BF1EE10FA3FF5AD
:10CDB800E3AB36EE436BB4EEC76BF1EE10FA7FF7D8
:10CDC8000DAC8946013919F8013C302BF9D0731C98
:10CDD800049339E50C9AC2F13602DAE60220B0EE85
:10CDE800486BFFF748BBB9F1000F3FF4DAAE0B9A76
:10CDF800002A7FF7F3ABB2EE044B26EE046B01304A
:10CE080007EE900A049BB8EEE75BB1EE0C7BA6EE4A
:10CE1800057B17EE90CA51EC170B5E1EACF15071F2
:10CE2800FFF747BB049B013304933123FFF7B1BBE2
:10CE3800049BBB4601330493392337460BF8013B67
:10CE48004646E1E44FF0000A564653E608927BE472
:10CE5800731C04938946F7E47FF422AFDA077FF561
:10CE68001FAF18E7392BE3D0B9F1000F3FF716AF22
:10CE780016E7019B022B3FF728AE0497BAE5014657
:10CE88008DE7019B022B3FF720AEDDF82C9004972D
:10CE98002BE50220FFF7EFBA0B4B0C48002240F2BB
:10CEA800AF11FFF7B1F8084B08483A4640F2EF21B6
:10CEB800FFF7AAF8064B0093FFF7D2B9029B089335
:10CEC800F7E400BFA80200207004002060070020DB
:10CED800500700202DE9F04707464C480E463546D6
:10CEE80016F801EB10F80EC01CF0080CF7D1BEF1D3
:10CEF8002D0F5AD0BEF12B0F03BF96F800E0644601
:10CF0800AE1C64465BB1102B54D04FF0FF38B8FB11
:10CF1800F3F803FB08FA6FEA0A0A994608E0BEF13B
:10CF2800300F5AD00A23DFF8E8804FF0050A9946F7
:10CF38000025284605E02CD009FB00C0012516F87D
:10CF480001EBAEF1300CBCF1090F06D9AEF1410C82
:10CF5800BCF1190F0BD8AEF1370C634510DDB5F1F4
:10CF6800FF3FECD04045E6D94FF0FF35E7E7AEF19B
:10CF7800610CBCF1190F03D8AEF1570C6345EEDC18
:10CF88006B1C0BD004B140420AB165B91160BDE811
:10CF9800F087D445D0DD4FF0FF35D0E722233B6042
:10CFA8002846002AF3D0711EF0E796F800E0012425
:10CFB800AE1CA7E7BEF1300F21D1307800F0DF00BA
:10CFC800582816D14FF0100996F801E04FF00F0AD3
:10CFD80002366FF070484B46AAE7337803F0DF0358
:10CFE800582BEFD008234FF0070A6FF06048994696
:10CFF8009EE799466FF070484FF00F0A98E74FF098
:10D008000F0A6FF07048994692E700BF4D0600205E
:10D0180099999919FFF75EBF2DE9F04F85B01F4622
:10D02800574B03908A4600920D462A4615F8014B45
:10D038001E5D16F00806F8D12D2C75D02B2C05BFD7
:10D048002C7802960296951C4FF0FF366FF0004B35
:10D058002FB1102F6FD0B8464FEAE77905E0302C92
:10D0680074D04FF00A08B946474642464B46304608
:10D078005946F7F7C9FC0023019284460A46184628
:10D08800194611E08A4208BF84453DD000FB09F3E8
:10D0980008FB0133A0FB08010B441EEB000043EB27
:10D0A800EE71012315F8014BA4F1300EBEF1090F02
:10D0B80006D9A4F1410EBEF1190F0CD8A4F1370E10
:10D0C800774511DD5C1CEDD0844572EB0103D9D2A4
:10D0D8004FF0FF33E6E7A4F1610EBEF1190F03D854
:10D0E800A4F1570E7745EDDC5A1C13D0029A12B101
:10D0F800404261EB4101009A1AB1A3BB009BC3F8FF
:10D1080000A005B0BDE8F08F019B7345BEDA4FF073
:10D11800FF33C7E7039A22231360009B33B305F15B
:10D12800FF3A30465946E9E701232C780293951CCB
:10D138004FF0004B8CE7302C04D12B7803F0DF0341
:10D14800582B08D0B8464FF000098EE72B7803F02B
:10D15800DF03582B0FD14FF010086C784FF00009FF
:10D168000235474681E706468B46D8E7304659469A
:10D1780005B0BDE8F08F4FF00808B946474674E798
:10D188004D060020FFF748BF2DE9F04F85B08B46CC
:10D198000192624A03901E460D46294615F8014B36
:10D1A800135D13F00803F8D12D2C00F082802B2C8E
:10D1B80003BF2C7802938D1C0293BEB1102E7DD034
:10D1C8004FEAE67A324653464FF0FF304FF0FF31D0
:10D1D800F7F71AFC32460746884653464FF0FF30A9
:10D1E8004FF0FF31B146F7F70FFC0AE0302C79D049
:10D1F8004FF00A09DFF82881B24605224FF0993727
:10D208004E464FF0000C6046614611E0414508BFAC
:10D21800B8423ED000FB0AF409FB0141A0FB090417
:10D228002144181841EBE3714FF0010C15F8014B3C
:10D23800A4F13003092B05D9A4F14103192B0DD80A
:10D24800A4F137039E4211DDBCF1FF3FEED08742C7
:10D2580078EB0104DAD24FF0FF3CE7E7A4F1610371
:10D26800192B03D8A4F157039E42EDDCBCF1FF3F14
:10D2780014D0029B13B1404261EB4101019B2BB1D9
:10D28800BCF1000F12D1019BC3F800B005B0BDE896
:10D29800F08F9342BEDD4FF0FF3CC7E7039A22238D
:10D2A8001360019B60466146002BEFD005F1FF3B00
:10D2B800E9E701232C7802938D1C7EE7302C23D1DB
:10D2C8002B7803F0DF03582B1BD14FF010096C7833
:10D2D8000F2202354FF0FF376FF070484FF0000A09
:10D2E8004E468EE72B7803F0DF03582BEDD04FF036
:10D2F8000809B24607224FF0FF376FF060484E46E4
:10D308007FE74FF0000A5DE70F224FF0FF376FF01D
:10D318007048B1464FF0000A73E700BF4D06002081
:10D3280099999919FFF730BF70B582B00446069DE8
:10D3380055B16AB10F480095D0F8E4602046B0476F
:10D34800431C10D002B070BD00F1F405002AF1D1E1
:10D35800084B0095D3F8E46011460123064A20469D
:10D36800B047431CEED100228A232A60236002B012
:10D3780070BD00BF407C00203C04002070B505460D
:10D3880084B05BB11C4669B10E4B2846D3F8E06007
:10D398002346B047431C0FD004B070BD00F582741B
:10D3A8000029F1D1074A2346D2F8E06028460A4608
:10D3B80001A9B047431CEFD100228A2322602B60C9
:10D3C80004B070BD407C002010B582B0049CCDE94B
:10D3D80000344FF0FF3301F09FFD02B010BD00BFD5
:10D3E800002100F001B800BF10B500F0ABF804460A
:10D3F80001F0A4FDA0F11A03DBB2022B06D9A4F1B7
:10D40800090004288CBF0020012010BD012010BD98
:10D41800022932D00329C0F307231DBFA0F18002DF
:10D4280083F08003D2B2C2B203F15001C9B21F29FE
:10D4380006D84CF6D371884269D94FF0FF3070474F
:10D4480003F13001C9B224290ED84FF2A64188420F
:10D45800F3D8D03BC3EBC313A2F1A10000EB430008
:10D46800304A32F810007047A13B072BE5D8DFE8B7
:10D4780003F0483E342E29252119C2B29E2AC0F352
:10D4880007210BD92332D2B280239F2994BF703948
:10D49800503103EB410303F0FF03C5E77E3AD2B2F4
:10D4A8007F23F2E7C02AC8D81F4BA2F1A10033F8A6
:10D4B80010007047F12AC0D81C4B19E0D82ABCD8F4
:10D4C8001B4B15E0F62AB8D802F540507047F32AEE
:10D4D800B3D802F53E5020307047164B134413F86A
:10D4E800A13C002BA9D002F57E4060307047124B5A
:10D4F800A2F1A10033F81000002808BF4FF0FF3058
:10D5080070470E4BA2F1A10033F810007047B03BF2
:10D51800C3EBC313A2F1A10000EB4300084A32F8A1
:10D5280010007047E8570020100B00206C0A0020FC
:10D53800FC090020A0090020E40800202808002099
:10D54800500B002038B50546B9B101F5957412495C
:10D558002046F9F739FC28B928460121BDE83840AA
:10D56800FFF756BF0D492046F9F72EFC38B9284673
:10D578000221BDE83840FFF74BBF094CE7E70949EE
:10D588002046F9F721FC28B928460321BDE8384090
:10D59800FFF73EBF284638BDBC070020C007002063
:10D5A8006A7D0020C80700200EB410B583B005AB13
:10D5B800064C53F8042B01930146206800F07CF9CF
:10D5C80003B0BDE8104003B0704700BFC881002019
:10D5D8002DE9F04F9368176883B09246002B70D0FE
:10D5E80081468A6808680C46083743E0A38913F423
:10D5F800906F2ED0D4E90416A0EB010806EB46067E
:10D6080006EBD67608F1010076102844B04232467F
:10D6180084BF064632465B0537D511464846F7F7BC
:10D6280081FB019000283AD042462169F5F7C2FDF6
:10D63800A289019B22F4906242F08002A281A6EBAB
:10D64800080203EB08006661A260236120602E4691
:10D65800A84642465946F9F7C1F9DAF80830A268EF
:10D668002068921B40445B1BA2602060CAF8083007
:10D678003BB3083757E902B5002DFAD0AA4216463F
:10D688009046B3D92E46A846E3E74846F7F712FE78
:10D6980003460028D3D121694846F9F723FEA38918
:10D6A8000C2243F04003C9F800204FF0FF30A3815B
:10D6B80000220023CAF80820CAF8043003B0BDE8E5
:10D6C800F08F00200023CAF8043003B0BDE8F08FC3
:10D6D80038B54B1C1AD093891446126B23F02003DB
:10D6E800A381CDB2AAB16268636B9A4209DA236852
:10D6F8005A1E226003F8015C6368013363602846A0
:10D7080038BD214601F058FA0028F0D04FF0FF3517
:10D71800F5E7236922682BB1934203D212F8013C42
:10D72800AB420FD06168E1632346A26304F1400174
:10D7380003226263216303F8425F0122C4E90032D5
:10D74800284638BD6368013A0133C4E90023D6E7A7
:10D7580010B50C46096B69B104F14003994201D038
:10D76800F9F7C0FDE36B63600020206313B1A36B7E
:10D77800236010BDA3892169002243F02003C4E976
:10D788000012A3814FF0FF3010BD00BF2DE9F04F0C
:10D7980085B0CDE9023202FB03F30E9C0193A3B3DB
:10D7A800D4F804A0019B53458B4646D9A046019D59
:10D7B80058F8401B0746002652465846F5F7FAFC2B
:10D7C8002368226B5344A946C4E9003611463846FB
:10D7D800D344A5EB0A05E2B1424501D0F9F782FD31
:10D7E800E36B26636360A3B1A16B2160AB429A46E9
:10D7F800E2D3029B01932A465846F5F7DBFCD4E9AD
:10D808000032521B2B44C4E90032019805B0BDE830
:10D81800F08F019A039B5244A2EB0902B2FBF3F387
:10D828000193A3892269019843F02003A38100236F
:10D83800C4E9002305B0BDE8F08F21681D46D8E78C
:10D848002DE9F84F4B6E9C0490462DD593681268CD
:10D8580043B38B46064602F1080959E9025A5FEAC2
:10D868009A0715D0043D002401E0A7420ED055F8D0
:10D87800041F5A46304601F097FA431C04F101048C
:10D88800F3D10023C8E90133BDE8F88FD8F8083090
:10D898002AF0030AA3EB0A03C8F8083009F10809BB
:10D8A800002BDAD10020ECE701F00CF80023C8E9DE
:10D8B8000133BDE8F88F00BF2DE9F04F2DED028B45
:10D8C800C5B00DF1500A834608EE101A164600211D
:10D8D800082250461C460793F9F7FCF8BBF1000FE5
:10D8E80004D0DBF83430002B00F0A08618EE102AA4
:10D8F800536EDB0740F11385B2F90C108AB2950418
:10D908000BD418EE103A41F4005199815B6E8AB23B
:10D9180018EE101A23F400534B66100740F10581E6
:10D9280018EE103A1B69002B00F0FF8002F01A0372
:10D938000A2B00F00A810023CDE91933CDE90D3314
:10D948001BAA0C93189291460B930593B046444634
:10D95800A84BD3F8E450F9F787F92246034612A9F1
:10D96800CDF800A05846A847002800F04581C0F22D
:10D978003981129A252A034601D01C44E8E7B4EB02
:10D988000806054640F03C81002361788DF8433055
:10D9980004F1010806934FF0FF371E462B2408F1C7
:10D9A8000108A1F120035A2B00F27881DFE813F077
:10D9B800B50276017601B0027601760176016A0039
:10D9C800760176017D028D02760188029702760142
:10D9D80092025B005B005B005B005B005B005B002E
:10D9E8005B005B00760176017601760176017601AF
:10D9F8007601760176015C02840076017601760173
:10DA08007601760176017601760176017601E800E5
:10DA180076017601760133027601DA027601760123
:10DA28008B0576017601760176017601760176011D
:10DA38007601760176015C02860076017601760130
:10DA4800CD0286007F007601C0027601FD02EA0061
:10DA5800ED027F00760133027C00690576017601CC
:10DA68006B0576017C00A1F13003002218F8011B38
:10DA780002EB820203EB4202A1F13003092BF5D934
:10DA880006928EE75846FEF729FA43680D93184622
:10DA9800F9F716FB0E9005465846FEF71FFA8368FD
:10DAA8000B93002D40F0D68498F8001077E798F88B
:10DAB800001046F0200672E746F01006B40640F162
:10DAC8008E81079B073323F007031A46596852F8DB
:10DAD800083B07920A460029C0F27084791C00F0BE
:10DAE800A28526F08001039153EA020100F03F84E9
:10DAF8000A2B72F1000180F0418530338DF80F3127
:10DB0800039E012304930DF20F14049BBB42B8BF7C
:10DB18003B460393002308939DF84330002B00F005
:10DB2800CB80039B01330393C6E018EE101A5846C6
:10DB380018EE105A01F07CF8002840F05286AA89A5
:10DB480002F01A030A2B7FF4F6AE18EE101AB1F998
:10DB58000E30002BFFF6EFAE4B6EDB0702D49705B5
:10DB680040F1128618EE101A23463246584600F045
:10DB780069FE0590059845B0BDEC028BBDE8F08FB5
:10DB880046F0100616F0200200F03681079B073396
:10DB980023F0070319465A6851F8083B079126F401
:10DBA80080610391002100208DF84300781C00F06B
:10DBB8001082039820F0800653EA020040F00882A1
:10DBC800002F40F03885002940F0D583039B13F0DF
:10DBD8000103049300F0118430238DF80F310DF206
:10DBE8000F1492E7082200215046F8F773FF01232B
:10DBF8001C44ADE6407C0020B4EB080605461BD06B
:10DC0800199B1A9A01333244072BC9E900861A92E4
:10DC180019931CDD002A00F0A68318EE101A18AA22
:10DC28005846FFF70DFE20BB0DF16C09059B3344E8
:10DC38000593002D7FF4A8AE1A9B002B40F0C185F8
:10DC480018EE103A0022B3F90C30199215E009F1D8
:10DC58000809EBE718EE101A18AA5846FFF7F0FD66
:10DC6800002800F0A680089B1BB108995846F9F7D0
:10DC780039FB18EE103AB3F90C3018EE102A526E30
:10DC880012F0010F9AB200F0A080500600F1B285A0
:10DC9800059845B0BDEC028BBDE8F08F0029CBD0CC
:10DCA80000238DF843300123CDE903338DF8AC1000
:10DCB8002BAC002308931F4616F00203099302D0E9
:10DCC800039B0233039316F084030A9305D1069B42
:10DCD800039A9D1A002D00F37B82DDE91903411C8C
:10DCE8009DF8432082B101220133C9F80420072995
:10DCF8000DF14302CDE91913C9F8002000F34A8257
:10DD0800084609F108090131099AE2B111AA02335A
:10DD1800C9F8002007294FF00202CDE91913C9F804
:10DD2800042040F35082002B00F0438318EE101AB1
:10DD380018AA5846FFF784FD002894D1DDE9190395
:10DD48000DF16C09411C0A9A802A00F08481049A1A
:10DD5800BD1A002D00F3D781049AC9F80040134476
:10DD68000729CDE91913C9F8042040F36E81002B67
:10DD780000F0758218EE101A18AA5846FFF760FDD1
:10DD880000287FF470AF1A9B0DF16C09750705D553
:10DD9800069A0399541A002C00F36B82DDE90521D9
:10DDA80003988142ACBF521812180592002B7FF4D9
:10DDB80051AF089900231993002900F0498158466A
:10DDC800F9F790FA0DF16C09C1E59C053FF55DAFD7
:10DDD80018EE104AA06DF8F7E3FFA28955E7F006A0
:10DDE800079A00F11F83710640F1198332F9043B49
:10DDF8000792DA1711466EE616F01003079940F0FD
:10DE0800098316F0400000F001831A4651F8043BDC
:10DE180007919BB2C3E6079B1A4600238DF843304F
:10DE2800134653F8044B0393002C00F01284532933
:10DE380000F0658316F0100540F061837B1C00F04C
:10DE4800B3843A4629462046FEF752F8089000283F
:10DE580000F09F84031B039A049323EAE3732F467D
:10DE680007920393089557E6432902D0F50640F137
:10DE78002D83079D0822002116A82BACF8F72AFE4F
:10DE880016AB55F8042B21465846FFF777FA034698
:10DE98000133049000F0B384049B079523EAE373ED
:10DEA800039300238DF8433003E7079B53F8042BB3
:10DEB8000692002A80F29C82069A5242CDE90623F5
:10DEC80098F8001046F0040669E598F800108DF8F7
:10DED800434064E598F8001046F080065FE5424646
:10DEE80012F8011B2A2900F09684A1F13003092BAE
:10DEF80090464FF000073FF654AD18F8011B07EBAA
:10DF0800870703EB4707A1F13003092BF5D948E54B
:10DF180098F8001046F0010641E59DF84330002BC3
:10DF28007FF4C2AD202398F800108DF8433036E511
:10DF380098F800106C2903BF98F8011046F02006E5
:10DF480008F1010846F0100629E598F8001068293C
:10DF580003BF98F8011046F4007608F1010846F06E
:10DF680040061CE546F010030393039B13F02002C0
:10DF780000F00682079B073323F0070319465A6807
:10DF880051F8083B079101210DE6079A46F0020374
:10DF9800039352F8043B079247F63002ADF8442049
:10DFA800B84A0C9202210022FDE5B70600F148822A
:10DFB800F50600F14683740600F1D583B00540F1FB
:10DFC8004083079B059953F8042B07931170BEE40F
:10DFD800039601293FF48CAD022944AC11D10C9869
:10DFE80003F00F011B09415C04F8011D43EA0273A9
:10DFF800120953EA0201F3D1039E44AB1B1B04939D
:10E0080083E503F00701DB0843EA4273D2083031A5
:10E0180053EA0205204604F8011DF2D1039EF307D6
:10E02800EBD53029E8D03023023804F8013C44AB62
:10E038001B1A039E0493044667E5049B1B94012264
:10E048001C931A9319920DF16C0909F108099DE6C0
:10E058000DF16C097BE4069A039D551B002D7FF793
:10E0680076AE102D40F3BB83099418EE104A07E0F2
:10E0780000F1020C09F108091046103D102D1EDDB3
:10E088008149C9F80010421C10331021072ACDE934
:10E098001923C9F80410EBDD18AA002B74D0214607
:10E0A80058460DF16C09FFF7CBFB00287FF4DBAD78
:10E0B800DDE91903103D102D00F1010CE0DC099C8D
:10E0C800714AC9F804502B44BCF1070FCDE919C3B4
:10E0D800C9F8002040F39481002B00F01F8318EE4C
:10E0E800101A18AA5846FFF7ABFB00287FF4BBADFF
:10E0F800049ADDE91903BD1A002D00F101010DF1A3
:10E108006C097FF729AE102D29DD0994102718EE28
:10E11800104A07E000F1020C09F108091046103D09
:10E12800102D1ADD421C58491033072AC9E9001777
:10E13800CDE91923EEDD18AA03B3214658460DF19F
:10E148006C09FFF77DFB00287FF48DADDDE919032D
:10E15800103D102D00F1010CE4DC099C61464A4A8F
:10E16800C9F804502B440729CDE91913C9F8002030
:10E1780000F3E78009F108090131EDE54FF0010CE2
:10E1880018460DF16C09CAE74FF0010C18460DF15D
:10E198006C0972E7002B00F0048118EE101A18AA17
:10E1A8005846FFF74DFB00287FF45DADDDE9190304
:10E1B8000DF16C09411CA7E5022311AA1C931B92BF
:10E1C80001210DF16C09084609F10809411CBAE55D
:10E1D800102D40F3E582DDE919130F94084618EE77
:10E1E800104A07E000F1020C09F108091046103D39
:10E1F800102D1DDD2549C9F80010421C10331021CF
:10E20800072ACDE91923C9F80410EBDD18AA03B3CE
:10E21800214658460DF16C09FFF712FB00287FF4E0
:10E2280022ADDDE91903103D102D00F1010CE1DCF0
:10E238000F9C6046154AC9F804502B440728CDE9BD
:10E248001903C9F8002000F3C18009F10809411C2D
:10E2580046E518464FF0010C0DF16C09C7E7760743
:10E26800199353D5069A0399541A002C4EDD0DF1D3
:10E278006C09102C40F3B082199918EE106A102519
:10E288000DE000BFF40700201C770020B02200201A
:10E29800881C09F108091146103C102C1ADD4A1C8B
:10E2A800B3481033072AC9E90005CDE91923EFDD82
:10E2B80018AA33B331465846FFF7C2FA00287FF44C
:10E2C800D2ACDDE91913103C102C01F101000DF15D
:10E2D8006C09E4DCA64AC9F8044023440728CDE9C0
:10E2E8001903C9F800207FF759AD7BB118EE101A51
:10E2F80018AA5846FFF7A4FA00287FF4B4AC1A9B72
:10E308004CE5012019460DF16C09C5E7DDE9053238
:10E3180003998A42ACBF9B185B18059349E5B2F98B
:10E328000C108F0518EE103A8AB23FF5E8AA18EEDD
:10E33800105A986DF8F732FDB5F90C108AB2FFF74C
:10E34800DEBA002B3FF479AE18EE101A18AA584618
:10E35800FFF776FA00287FF486AC19991A9B0131E9
:10E368000DF16C09F8E419920DF16C095EE4002FC7
:10E378007FF4C3AB039E0027049744ACFFF7C5BBEB
:10E38800039B13F0100354D1039A12F0400000F0DD
:10E398006B8107991A4651F8043B07919BB20121FA
:10E3A80001E4099A002A64D1184601210DF16C098B
:10E3B800C9E4012118460DF16C09C4E45B4262EB23
:10E3C800420203962D200121FFF7EEBB002B00F03F
:10E3D800888018EE101A18AA5846FFF731FA002854
:10E3E8007FF441ACDDE919030DF16C09411C77E4B8
:10E3F80098F800100793FFF7D2BA44ACFFF785BB33
:10E4080009F108090CF101016046A0E416F4007254
:10E4180040F0978151F8043B0791FFF7C0BBB30563
:10E4280000F1888152F8043B0792DA171146FFF78A
:10E4380052BB079951F8043B07910121FFF7B3BB81
:10E44800079B059853F8041B0793C217C1E90002FC
:10E45800FFF77DBA0B9B002B3FF426AB0B9B1B7879
:10E46800002B3FF421AB98F8001046F48066FFF7C4
:10E4780096BA022311AA1C931B9201200DF16C0974
:10E48800A2E6039671E53B4B0C9316F0200259D097
:10E49800079B073323F0070318465A6850F8083BD0
:10E4A8000790F40709D553EA020006D08DF8451005
:10E4B800302146F002068DF8441026F4806103915D
:10E4C8000221FFF770BB2C4B0C93DEE7079B012161
:10E4D80053F8042B03918DF8AC20079304912BACCF
:10E4E800DFE49DF84320002A40F03281099A002A8F
:10E4F8007FF462AE184601210DF16C0927E4002172
:10E50800082216A81394F8F7E5FA791C00F0BC80E5
:10E51800002507942C460CE02BA95846FEF72EFF41
:10E52800421C204400F06B81B84208DC00F0708186
:10E538000446139A525916AB0435002AECD10494B8
:10E54800079CAFE016F0100307980CD116F04004B2
:10E5580005D01A4650F8043B07909BB2A1E716F481
:10E56800007240F0E18050F8043B079099E700BF43
:10E57800B0220020F407002008080020039904971F
:10E5880044AC9E4608EE90BA01F480664FF0000C49
:10E59800234606E0BEF10A0F72F1000239D3A646FF
:10E5A8002A46A6491EEB020040F100000F46A1FBD7
:10E5B800001424F0030101EB9401401ABEEB0001A2
:10E5C8004FF0CC3562F1000405FB01F507FB04555B
:10E5D800A1FB07410D44052704F00101A1FB071B1E
:10E5E80009186408303103F8011C44EAC5740CF1B9
:10E5F800010C013B6D08002ECCD00B9909786145C0
:10E60800C8D1BCF1FF0FC5D0BEF10A0F72F10002EC
:10E618006CD21C4644AB1B1B049F039E049318EE4C
:10E6280090BAFFF772BA0396FFF762BA5846F8F73E
:10E63800ADF8FFF75BB9012903967FF4CDACFFF77E
:10E648005CBA079B059953F8042B11600793FFF7F1
:10E658007EB9062F3B46039A794C079228BF0623BA
:10E6680004930393FFF725BB039B079913F40072E8
:10E6780014BF51F8043B51F8043B07911CBF0246F4
:10E68800DBB20121FFF78FBA16AB009300231946BE
:10E6980013AA5846FEF798FE03460133049000F08B
:10E6A800AE801394049B002B30D0632B63DC0023D3
:10E6B80008932BAC0822002116A8F8F70BFA049D42
:10E6C80016AB009313AA2B4621465846FEF77CFE4C
:10E6D800854240F0AB80039B049A07930023A35420
:10E6E8001F4622EAE2730393FFF716BA0E9A0D99B2
:10E6F8009B1A18460893F8F785FA0B99089B4A78ED
:10E708000AB101310B914FF0000C48E7039B0793C6
:10E71800049B03931F460893FFF7FEB9012118468F
:10E728000DF16C09FFF713BB50F8043B0790224624
:10E73800DBB2B6E612F9043B0792DA171146FFF787
:10E74800CAB951F8043B07910246DBB2FFF727BA72
:10E7580001231C9301210DF143031B930DF16C0957
:10E768000B46FFF7CDBA079B059953F8042B07937F
:10E778001180FFF7ECB8591C5846F6F7D3FA04464F
:10E7880000283CD0089095E7886DF8F709FBFFF75B
:10E79800E9B9039B0793CDE90377089FFFF7BCB955
:10E7A80019981A9B013045E5039B07932046F8F713
:10E7B80087FC20EAE0732F46049003930895FFF73F
:10E7C800ABB918EE101A18AA5846FFF739F80028FE
:10E7D8003FF436AAFFF74DBA199801307AE58C460E
:10E7E8006EE46B6ED90705D4AB899A0502D4A86D7F
:10E7F800F8F7D6FA4FF0FF330593FFF749BA18EE4A
:10E80800102AB2F90C3043F040039381FFF735BA70
:10E81800079C049746E7079B98F8011053F8047B78
:10E828000793904647EAE777FFF7B9B818EE102A3A
:10E83800938943F040039381FFF715BACDCCCCCC34
:10E848001C08002070B50C468989ADF58E6D21F045
:10E858000201ADF81410616E1B91E189ADF8161034
:10E86800E1690991616A0B911CA9029106914FF423
:10E87800806106460491079118A80021CDE900326D
:10E888000891F8F787FADDE9003202A93046FFF768
:10E8980013F8051E07DB02A93046FDF75FFA0028CA
:10E8A80018BF4FF0FF35BDF814305B0603D5A389B8
:10E8B80043F04003A3811898F8F76EFA28460DF53F
:10E8C8008E6D70BD9368002B00F085802DE9F04FA8
:10E8D800B1F90C300C461907804683B0174698B238
:10E8E80025D523691BB310F002033D682DD04FF0E6
:10E8F800000ADFF8C0B25646B9465E45334652466E
:10E9080028BF5B464046002E52D0E169676AB84787
:10E91800002856DDD9F808301B1A8244361AC9F87F
:10E928000830002BE9D1002003B0BDE8F08F214664
:10E93800404600F07DF9002840F03881B4F90C30E9
:10E948003D6898B210F00203D1D110F0010944D10A
:10E958004E46009746B38205D4F808B040F185804A
:10E96800B3455A4600F2B48010F4906F40F0C1806D
:10E97800206801924946F8F731F8A368019AA3EB99
:10E988000B012368A1601344B24623600026009A55
:10E998009368A3EB0A03D1449360002BC3D0B4F966
:10E9A8000C0080B2002ED6D1D5E900960835D1E703
:10E9B800D5E900A60835A0E721464046FDF7CEF97F
:10E9C80088B3B4F90C3043F040034FF0FF30A38113
:10E9D80003B0BDE8F08F002070471E46BA4699463E
:10E9E800184600951F4666B3002832D04A46D4E937
:10E9F80004132068A568B24228BF3246884204D969
:10EA080005EB030B5A4500F3A780934264DCE169E8
:10EA1800656A3A464046A847B0F1000BD1DDB9EB2C
:10EA28000B09C9D00120DAF80830A3EB0B035F44C7
:10EA3800A6EB0B06CAF80830002B3FF474AF002E83
:10EA4800D2D1009A5668134608320092002EF8D0A8
:10EA58001F6832460A213846FDF74AFA002800F0B6
:10EA68009C800130A0EB0709C0E720682369984221
:10EA780016D86269B24213D86FF00043B34228BF78
:10EA88003346E16993FBF2F3676A02FB03F34046FE
:10EA98004A46B847B0F1000A93DDA6EB0A0676E7C6
:10EAA800B345DA4628BFB24652464946F7F796FFBD
:10EAB800A3682268A3EB0A035244A3602260002BD8
:10EAC800EBD121464046FDF749F90028E5D078E723
:10EAD8002068B34632464CE739460192F7F77EFF85
:10EAE800019AA3689B1AA360236813442360934682
:10EAF80095E723682169A3EB010B636903EB430ADC
:10EB08000AEBDA7A0BF101034FEA6A0A33445345F8
:10EB1800524684BF9A46524643052CD51146404674
:10EB2800F6F700F900283BD05A4621690190F4F71E
:10EB380041FBA289019B22F4906242F08002A281EB
:10EB480003EB0B002361AAEB0B03C4F814A0A3602A
:10EB58002060B34632460CE739465A46F7F73EFF7F
:10EB680023685B44236021464046FDF7F7F80028F8
:10EB78003FF455AF25E74046F6F79CFB03460028CF
:10EB8800DED121694046F8F7ADFBB4F90C300C2210
:10EB980023F08003C8F8002015E7721C914626E789
:10EBA8000C22B4F90C30C8F800200CE74FF0FF3005
:10EBB800BAE600BF00FCFF7F01F140032DE9F041F8
:10EBC8000C46096B994214D0666B77003A46F6F703
:10EBD80071FB054640B300EB060801463246404645
:10EBE800F4F7E8FAC4E90C57C4F800800020BDE83F
:10EBF800F0814FF48061F6F795F8A8B194F84230A7
:10EC08004FF48062C4E90C0280F8FF3394F8413075
:10EC180080F8FE3394F8402080F8FD2300F2FD339D
:10EC280023600020BDE8F0814FF0FF30DFE700BF30
:10EC380038B5314B1B6805460C4613B15A6B002A90
:10EC48004ED0B4F90C3018079AB21CD5216929B3F3
:10EC580012F0010007D00020A06060694042A06166
:10EC680039B1002038BD950758BF6069A0600029F8
:10EC7800F7D1120658BF0846F4D543F04003A381E4
:10EC88004FF0FF3038BDD1062ED5520714D4216974
:10EC980043F00803A3819AB20029D9D102F4207065
:10ECA800B0F5007FD4D02146284600F077F9B4F9B2
:10ECB8000C3021699AB2CBE7216B51B104F14002C3
:10ECC800914204D02846F8F70DFBB4F90C30002225
:10ECD800226321690022C4E9001223F02403D7E744
:10ECE8001846F7F753FDACE7092243F040032A60C2
:10ECF8004FF0FF30A38138BDC88100202DE9F047CF
:10ED080082B0824688461446F7F7AEFF012803D141
:10ED180008F1FF33FE2B36D90DF10409424604F100
:10ED28005C0349465046FEF729FB421C064632D092
:10ED380020B39DF804C0002509E023685A1C22600E
:10ED480083F800C00135B54218D219F801CFA3687D
:10ED5800013B002BA360F0DAA769BB42614622465B
:10ED6800504602DBBCF10A0FE7D100F083F9431CDF
:10ED7800E8D10646304602B0BDE8F0874646304640
:10ED880002B0BDE8F0875FFA88FC8DF804C006463B
:10ED98000DF10409CFE7A389304643F04003A3816E
:10EDA80002B0BDE8F08700BF30B5536E13F0010F15
:10EDB800B2F90C30144683B005469AB201D19805D1
:10EDC8001CD5900406D4626E43F4005342F40052FA
:10EDD800A381626622462846FFF790FF636EDA0732
:10EDE800054602D4A3899B0502D5284603B030BD49
:10EDF800A06DF7F7D5FF284603B030BDA06D01918F
:10EE0800F7F7CCFFB4F90C3001999AB2D9E700BFF3
:10EE18002DE9F04F8BB0DDE9158A149F03918146E7
:10EE280005921E46B8F1000F5CD0039B002B5ED004
:10EE3800059B1D68002F6AD0741E4EB3039B049374
:10EE4800043D002601950BE0039B2BBB019B1A6830
:10EE5800002A3AD0BC455CD2013C631C664617D0F8
:10EE6800D8F800300293019BDAF8E05053F8042FE9
:10EE7800019307A943464846D8F804B0A847421C5E
:10EE88003AD000EB060CBC45DED9029BC8E9003B32
:10EE980030460BB0BDE8F08F00280EDD049B019DC5
:10EEA80018445A1E07A900F1FF3E11F8013B02F869
:10EEB800013F7245F9D101950490059B1A68043207
:10EEC8001A60019B1A68002AC4D1039B0BB1059BE9
:10EED8001A600CF1FF3600223046C8F800200BB04B
:10EEE800BDE8F08F039B00F58678002BA0D1059B29
:10EEF8004FF0FF371D689FE706468A2100223046FB
:10EF0800C9F80010C8F800200BB0BDE8F08F3E46E5
:10EF1800BEE76646BCE700BF10B584B0054C06984E
:10EF2800009007980190044800680294FFF770FF6A
:10EF380004B010BD407C0020C8810020154B9842C9
:10EF480023D870B5144E4FF0000E40F6DB0403E0F2
:10EF580002F1010EA64516DC04EB0E0222F00103B5
:10EF680003EB620306EB4303521059785D88B3F84C
:10EF780004C041EA05218C446045E9D8884206D29C
:10EF8800541EA645E8DDFF2070BDFF2070471878A5
:10EF980070BD00BFEF010E00C02200202DE9F04136
:10EFA8008B890C46990796B008D504F143030122D2
:10EFB800C4E90432236016B0BDE8F081B4F90E103C
:10EFC8000029064625DB6A4600F0ACF800281FDB5E
:10EFD800019D05F47045A5F50055B5FA85F54FF482
:10EFE80080686D094FF4006741463046F5F79AFE90
:10EFF800E0B1B4F90C30C4F8148043F08003206009
:10F008002061A38135BB3B43A38116B0BDE8F081E5
:10F01800A38913F0800519D04FF040080025414618
:10F0280030462F46F5F77EFE0028E2D1B4F90C30C1
:10F038009A05C0D423F0030304F1430243F002030A
:10F048000121C4E90421A3812260B4E74FF4806858
:10F058002F46C9E7B4F90E10304600F079F810B918
:10F06800B4F90C30CFE7A38923F0030343F001037D
:10F078001BB2C8E7F8B50D461446064610B1436BF7
:10F08800002B4CD0B4F90C20A369A360170790B2E9
:10F098001BD52369CBB1EDB281042F4622D5226856
:10F0A8006169D31A994229DD0133A1680139A16048
:10F0B800511C2160157062699A4227D0A389DB0729
:10F0C80001D50A2D22D03846F8BD21463046FFF733
:10F0D800AFFD08BBB4F90C20236990B2EDB28104EE
:10F0E8002F46DCD442F40052A281626E616922F498
:10F0F800005262662268D31A9942D5DC214630460E
:10F10800FCF72CFE40B922680123CEE721463046A1
:10F11800FCF724FE0028D6D04FF0FF37D3E7F7F7E7
:10F1280035FBAFE770B50C46084D03460026204670
:10F1380011461C462E60F4F7EFF9431C00D070BD51
:10F148002B68002BFBD0236070BD00BF68900020A7
:10F1580038B5074D0022044608462A60F4F7E2F95C
:10F16800431C00D038BD2B68002BFBD0236038BD72
:10F178006890002081F0004102E000BF83F0004366
:10F1880030B54FEA41044FEA430594EA050F08BF3A
:10F1980090EA020F1FBF54EA000C55EA020C7FEAFE
:10F1A800645C7FEA655C00F0E2804FEA5454D4EB7B
:10F1B8005555B8BF6D420CDD2C4480EA020281EA45
:10F1C800030382EA000083EA010180EA020281EA7D
:10F1D8000303362D88BF30BD11F0004F4FEA0131CF
:10F1E8004FF4801C4CEA113102D0404261EB4101DE
:10F1F80013F0004F4FEA03334CEA133302D0524264
:10F2080063EB430394EA050F00F0A780A4F101041F
:10F21800D5F1200E0DDB02FA0EFC22FA05F2801859
:10F2280041F1000103FA0EF2801843FA05F359413F
:10F238000EE0A5F120050EF1200E012A03FA0EFCBE
:10F2480028BF4CF0020C43FA05F3C01851EBE371E8
:10F2580001F0004507D54FF0000EDCF1000C7EEB05
:10F2680000006EEB0101B1F5801F1BD3B1F5001F43
:10F278000CD349085FEA30004FEA3C0C04F1010462
:10F288004FEA445212F5800F80F09A80BCF1004F8B
:10F2980008BF5FEA500C50F1000041EB045141EA0D
:10F2A800050130BD5FEA4C0C404141EB0101013CD6
:10F2B80028BFB1F5801FE9D291F0000F04BF0146C5
:10F2C8000020B1FA81F308BF2033A3F10B03B3F197
:10F2D80020020CDA0C3208DD02F1140CC2F10C0227
:10F2E80001FA0CF021FA02F10CE002F11402D8BF85
:10F2F800C2F1200C01FA02F120FA0CFCDCBF41EA51
:10F308000C019040E41AA2BF01EB0451294330BD1F
:10F318006FEA04041F3C1CDA0C340EDC04F11404FC
:10F32800C4F1200220FA04F001FA02F340EA0300D3
:10F3380021FA04F345EA030130BDC4F10C04C4F119
:10F34800200220FA02F001FA04F340EA03002946F9
:10F3580030BD21FA04F0294630BD94F0000F83F443
:10F36800801306BF81F480110134013D4EE77FEA26
:10F37800645C18BF7FEA655C29D094EA050F08BF72
:10F3880090EA020F05D054EA000C04BF1946104653
:10F3980030BD91EA030F1EBF0021002030BD5FEA97
:10F3A800545C05D14000494128BF41F0004130BDBF
:10F3B80014F580043CBF01F5801130BD01F0004513
:10F3C80045F0FE4141F470014FF0000030BD7FEA86
:10F3D800645C1ABF194610467FEA655C1CBF0B4681
:10F3E800024650EA013406BF52EA033591EA030F98
:10F3F80041F4002130BD00BF90F0000F04BF002190
:10F40800704730B54FF4806404F132044FF00005C2
:10F418004FF0000150E700BF90F0000F04BF00213B
:10F42800704730B54FF4806404F1320410F00045A1
:10F4380048BF40424FF000013EE700BF42004FEA9C
:10F44800E2014FEA31014FEA02701FBF12F07F4319
:10F4580093F07F4F81F06051704732F07F4208BFD0
:10F46800704793F07F4F04BF41F40021704730B5D7
:10F478004FF4607401F0004521F000411CE700BF23
:10F4880050EA010208BF704730B54FF000050AE0A6
:10F4980050EA010208BF704730B511F0004502D5A7
:10F4A800404261EB41014FF4806404F132045FEAA9
:10F4B800915C3FF4D8AE4FF003025FEADC0C18BF52
:10F4C80003325FEADC0C18BF033202EBDC02C2F144
:10F4D800200300FA03FC20FA02F001FA03FE40EAD6
:10F4E8000E0021FA02F11444BDE600BF08B5024639
:10F4F8000B4643EC172BB5EEC07BF1EE10FA03D4A4
:10F50800BDE8084000F00CB8B1EE477B51EC170B92
:10F5180000F006F8404261EB410108BD0000000020
:10F528009FED0B6B41EC170B9FED0B5B27EE066B0A
:10F53800BCEEC66BB8EE464BA4EE457BFCEEC77B33
:10F5480016EE101A17EE900A704700BFAFF300804E
:10F55800000000000000F03D000000000000F04145
:10F568005FF800F0091F00605FF800F0891700607D
:10F578005FF800F0B11F006000000000000000000C
:04F58800F8B500BF13
:08F58C007854FF7F010000002C
:10F594000000000000000000000000000000000067
:10F5A4000000000000000000000000000000000057
:10F5B4000000000000000000000000000000000047
:10F5C4000000000000000000000000000000000037
:10F5D4000000000000000000000000000000000027
:10F5E4000000000000000000000000000000000017
:10F5F4000000000000000000000000000000000007
:10F6040000000000000000000000000000000000F6
:10F6140000000000000000000000000000000000E6
:10F6240000000000000000000000000000000000D6
:10F6340000000000000000000000000000000000C6
:10F6440000000000000000000000000000000000B6
:10F6540000000000000000000000000000000000A6
:10F664000000000000000000000000000000000096
:10F674000000000000000000000000000000000086
:10F684000000000000000000000000000000000076
:10F694000000000000000000000000000000000066
:10F6A4000000000000000000000000000000000056
:10F6B4000000000000000000000000000000000046
:10F6C4000000000000000000000000000000000036
:10F6D4000000000000000000000000000000000026
:10F6E4000000000000000000000000000000000016
:10F6F4000000000000000000000000000000000006
:10F7040000000000000000000000000000000000F5
:10F7140000000000000000000000000000000000E5
:10F7240000000000000000000000000000000000D5
:10F7340000000000000000000000000000000000C5
:10F7440000000000000000000000000000000000B5
:10F7540000000000000000000000000000000000A5
:10F764000000000000000000000000000000000095
:10F774000000000000000000000000000000000085
:10F784000000000000000000000000000000000075
:10F794000000000000000000000000000000000065
:10F7A4000000000000000000000000000000000055
:10F7B4000000000000000000000000000000000045
:10F7C4000000000000000000000000000000000035
:10F7D4000000000000000000000000000000000025
:10F7E4000000000000000000000000000000000015
:10F7F4000000000000000000000000000000000005
:10F8040000000000000000000000000000000000F4
:10F814000080E03779C34143176E05B5B5B8934608
:10F82400F5F93FE9034F384D321D30F94877825AD4
:10F834003CBF737FDD4F1575000000000000F03FF2
:10F8440000000000000024400000000000005940B7
:10F854000000000000408F40000000000088C3400A
:10F8640000000000006AF8400000000080842E417F
:10F8740000000000D01263410000000084D79741CB
:10F884000000000065CDCD41000000205FA00242D1
:10F89400000000E876483742000000A2941A6D4246
:10F8A400000040E59C30A2420000901EC4BCD64239
:10F8B40000003426F56B0C430080E03779C34143E4
:10F8C40000A0D8855734764300C84E676DC1AB435A
:10F8D400003D9160E458E143408CB5781DAF154478
:10F8E40050EFE2D6E41A4B4492D54D06CFF0804453
:10F8F400F64AE1C7022DB544B49DD9794378EA4468
:10F90400BC89D897B2D29C3C33A7A8D523F64939F1
:10F914003DA7F444FD0FA5329D978CCF08BA5B2513
:10F92400436FAC6428066811000000000100000069
:10F9340003000000020000000000000073776974F7
:10F9440063682C6F6E0A00007377697463682C6FA8
:10F9540066660A006D070000710700007507000065
:10F96400790700000000000000000000C109000049
:10F97400FD1C0000F91C0000F51C0000F11C000037
:10F98400ED1C0000E91C0000E51C00000000000064
:10F99400000000003506000061060000E9050000D3
:10F9A40031060000ED050000F9050000190600000D
:10F9B40045030000490300005103000059030000FF
:10F9C4002C2066756E6374696F6E3A200000000027
:10F9D400617373657274696F6E20222573222066C9
:10F9E40061696C65643A2066696C6520222573221E
:10F9F4002C206C696E65202564257325730A00002C
:10FA040042616C6C6F6320737563636565646564E0
:10FA1400000000002F646174612F6A656E6B696E6B
:10FA2400732F776F726B73706163652F474E552D1B
:10FA3400746F6F6C636861696E2F61726D2D313103
:10FA44002F7372632F6E65776C69622D63796777A4
:10FA5400696E2F6E65776C69622F6C6962632F73B0
:10FA640074646C69622F6764746F612D6765746870
:10FA740065782E6300000000000000000000000014
:10FA84000000000000000000000000000000000072
:10FA94000000000000000000000000000000000062
:10FAA40000000000000000001011121314151617B6
:10FAB4001819000000000000001A1B1C1D1E1F0066
:10FAC4000000000000000000000000000000000032
:10FAD4000000000000000000001A1B1C1D1E1F0077
:10FAE4000000000000000000000000000000000012
:10FAF4000000000000000000000000000000000002
:10FB040000000000000000000000000000000000F1
:10FB140000000000000000000000000000000000E1
:10FB240000000000000000000000000000000000D1
:10FB340000000000000000000000000000000000C1
:10FB440000000000000000000000000000000000B1
:10FB540000000000000000000000000000000000A1
:10FB64000000000000000000000000000000000091
:10FB740000000000000000002F646174612F6A65BA
:10FB84006E6B696E732F776F726B73706163652F21
:10FB9400474E552D746F6F6C636861696E2F617287
:10FBA4006D2D31312F7372632F6E65776C69622D01
:10FBB40063796777696E2F6E65776C69622F6C69FC
:10FBC40062632F7374646C69622F6D707265632E47
:10FBD4006300000065256C64000000000020202004
:10FBE40020202020202028282828282020202020E9
:10FBF40020202020202020202020202020881010B9
:10FC04001010101010101010101010101004040414
:10FC140004040404040404101010101010104141D2
:10FC240041414141010101010101010101010101C0
:10FC340001010101010101011010101010104242D4
:10FC44004242424202020202020202020202020290
:10FC54000202020202020202101010102000000030
:10FC64000000000000000000000000000000000090
:10FC74000000000000000000000000000000000080
:10FC84000000000000000000000000000000000070
:10FC94000000000000000000000000000000000060
:10FCA4000000000000000000000000000000000050
:10FCB4000000000000000000000000000000000040
:10FCC4000000000000000000000000000000000030
:10FCD4000000000000000000000000000000000020
:10FCE400496E66696E697479000000004E614E00C9
:10FCF4002F646174612F6A656E6B696E732F776F01
:10FD0400726B73706163652F474E552D746F6F6C02
:10FD1400636861696E2F61726D2D31312F73726367
:10FD24002F6E65776C69622D63796777696E2F6EC4
:10FD340065776C69622F6C6962632F7374646C6994
:10FD4400622F64746F612E63000000004A495300FF
:10FD5400534A4953000000004555434A50000000EF
:10FD64002E0000006E660000696E69747900000060
:10FD7400616E0000494E4600696E66004E414E00B9
:10FD84006E616E0030313233343536373839616262
:10FD94006364656600000000303132333435363731
:10FDA400383941424344454600000000286E756CD2
:10FDB4006C290000300000000030013002300CFFDC
:10FDC4000EFFFB301AFF1BFF1FFF01FF9B309C300F
:10FDD400B40040FFA8003EFF3E203FFFFD30FE3050
:10FDE4009D309E300330DD4E053006300730FC3048
:10FDF400142010200FFF3CFF1C3016205CFF26202F
:10FE04002520182019201C201D2008FF09FF14306C
:10FE140015303BFF3DFF5BFF5DFF083009300A30C2
:10FE24000B300C300D300E300F30103011300BFF12
:10FE34001222B100D700F7001DFF60221CFF1EFF35
:10FE4400662267221E22342242264026B000322037
:10FE540033200321A50004FFA200A30005FF03FF34
:10FE640006FF0AFF20FFA70006260526CB25CF257F
:10FE7400CE25C725C625A125A025B325B225BD2598
:10FE8400BC253B20123092219021912193211330E3
:10FE9400000000000000000000000000000000005E
:10FEA40000000000000008220B2286228722822202
:10FEB40083222A2229220000000000000000000002
:10FEC40000000000000027222822AC00D221D42107
:10FED400002203222922000000000000000000008C
:10FEE400000000000000000000002022A5221223D0
:10FEF40002220722612252226A226B221A223D2206
:10FF04001D2235222B222C220000000000000000BC
:10FF14000000000000002B2130206F266D266A2689
:10FF240020202120B6002C22000000000000EF2534
:10FF340000000000000000000000000000000001BC
:10FF440001010101010101010100000000000000A4
:10FF5400010101010101010101010101010101018D
:10FF64000101010101010101010100000000000083
:10FF7400000101010101010101010101010101016E
:10FF84000101010101010101010101009103920339
:10FF940093039403950396039703980399039A0391
:10FFA4009B039C039D039E039F03A003A103A30340
:10FFB400A403A503A603A703A803A9030000000044
:10FFC400000000000000000000000000B103B203C4
:10FFD400B303B403B503B603B703B803B903BA0351
:10FFE400BB03BC03BD03BE03BF03C003C103C30300
:0CFFF400C403C503C603C703C803C90348
:02000004600199
:10000000100411041204130414041504010416044A
:100010001704180419041A041B041C041D041E04EC
:100020001F0420042104220423042404250426049C
:100030002704280429042A042B042C042D042E044C
:100040002F0400000000000000000000000000007D
:1000500000000000000000000000000000000000A0
:1000600030043104320433043404350451043604BA
:100070003704380439043A043B043C043D043E048C
:100080003F0440044104420443044404450446043C
:100090004704480449044A044B044C044D044E04EC
:1000A0004F040000002502250C25102518251425D5
:1000B0001C252C25242534253C25012503250F2529
:1000C00013251B251725232533252B253B254B25BC
:1000D00020252F25282537253F251D253025252599
:1000E000382542259C4E1655035A3F96C0541B6135
:1000F0002863F659229075841C83507AAA60E163C4
:10010000256EED656684A682F59B93682757A165E9
:1001100071629B5BD0597B86F498627DBE7D8E9B1D
:1001200016629F7CB788895BB55E096397664868ED
:10013000C7958D974F67E54E0A4F4D4F9D4F4950DC
:10014000F2563759D459015A095CDF600F6170616A
:1001500013660569BA704F757075FB79AD7DEF7DDB
:10016000C3800E846388028B55907A903B53954EE2
:10017000A54EDF57B280C190EF78004EF158A26EC5
:100180003890327A28838B822F9C41517053BD5412
:10019000E154E056FB59155FF298EB6DE4802D8534
:1001A00062967096A096FB970B54F353875BCF70C3
:1001B000BD7FC28FE8966F535C9DBA7A114E9378DB
:1001C000FC81266E185604551D6B1A853B9CE5591B
:1001D000A953666DDC748F954256914E4B90F29602
:1001E0004F830C99E153B655305B715F2066F3661F
:1001F0000468386CF36C296D5B74C8764E7A349859
:10020000F1825B88608AED92B26DAB75CA76C59952
:10021000A660018B8A8DB2958E69AD5386511257B7
:1002200030584459B45BF65E2860A963F463BF6C30
:10023000146F8E7014715971D5713F73017E76827F
:10024000D182978560905B921B9D6958BC655A6C02
:100250002575F9512E596559805FDC5FBC62FA65DE
:100260002A6A276BB46B8B73C17F56892C9D0E9DB8
:10027000C49EA15C966C7B8304514B5CB661C681C5
:1002800076686172594EFA4F78536960296E4F7AD9
:10029000F3970B4E1653EE4E554F3D4FA14F734FF4
:1002A000A052EF5309560F59C15AB65BE15BD179A1
:1002B00087669C67B6674C6BB36C6B70C2738D7945
:1002C000BE793C7A877BB182DB8204837783EF83BC
:1002D000D3836687B28A2956A88CE68F4E901E97E4
:1002E0008A86C44FE85C116259723B75E581BD8214
:1002F000FE86C08CC5961399D599CB4E1A4FE389CB
:10030000DE564A58CA58FB5EEB5F2A609460626012
:10031000D0611262D0623965419B6666B068776DC4
:1003200070704C758676757DA582F9878B958E9653
:100330009D8CF151BE521659B354B35B165D686182
:100340008269AF6D8D78CB845788728AA793B89AEB
:100350006C6DA899D986A357FF67CE860E928352FB
:1003600087560454D35EE162B9643C683868BB6B5D
:100370007273BA786B7A9A89D2896B8D038FED90FC
:10038000A39594966997665BB35C7D694D984E988A
:100390009B63207B2B6A7F6AB6680D9C5F6F7252ED
:1003A0009D557060EC623B6D076ED16E5B84108969
:1003B000448F144E399CF6531B693A6A84972A6815
:1003C0005C51C37AB284DC918C935B56289D226881
:1003D00005833184A57C0852C582E6747E4E834F26
:1003E000A051D25B0A52D852E752FB5D9A552A5867
:1003F000E6598C5B985BDB5B725E795EA3601F6184
:100400006361BE61DB636265D1675368FA683E6B06
:10041000536B576C226F976F456FB0741875E37606
:100420000B77FF7AA17B217CE97D367FF07F9D8071
:1004300066829E83B389CC8AAB8C849051949395C9
:100440009195A2956596D39728991882384E2B548A
:10045000B85CCC5DA9734C763C77A95CEB7F0B8DC7
:10046000C196119854985898014F0E4F71539C554E
:100470006856FA574759095BC45B905C0C5E7E5E18
:10048000CC5FEE633A67D765E2651F67CB68C468E7
:100490005F6A305EC56B176C7D6C7F754879635BF6
:1004A000007A007DBD5F8F89188AB48C778DCC8EE1
:1004B0001D8FE2980E9A3C9B804E7D5000519359BF
:1004C0009C5B2F628062EC643A6BA07291754779F5
:1004D000A97FFB87BC8A708BAC63CA83A097095441
:1004E0000354AB555468586A708A27787567CD9E57
:1004F0007453A25B1A8150860690184E454EC74E23
:10050000114FCA533854AE5B135F256051653D6788
:10051000426C726CE36C78700374767AAE7A087B06
:100520001A7DFE7C667DE7655B72BB53455CE85DCA
:10053000D262E0621963206E5A86318ADD8DF892AC
:10054000016FA6795A9BA84EAB4EAC4E9B4FA04F65
:10055000D1504751F67A7151F651545321537F537C
:10056000EB53AC558358E15C375F4A5F2F605060B6
:100570006D601F6359654B6AC16CC272ED72EF7793
:10058000F880058108824E85F790E193FF9757998F
:100590005A9AF04EDD512D5C81666D69405CF266C1
:1005A000756989735068817CC550E4524757FE5D78
:1005B0002693A465236B3D6B34748179BD794B7BA5
:1005C000CA7DB982CC837F885F89398BD18FD191E5
:1005D0001F5480925D4E3650E5533A53D77296734E
:1005E000E977E682AF8EC699C899D29977511A6198
:1005F0005E86B0557A7A7650D35B47908596324EB8
:10060000DB6AE791515C485C98639F7A936C7497BE
:10061000618FAA7A8A718896827C1768707E516889
:100620006C93F2521B54AB85138AA47FCD8EE1905C
:10063000665388884179C24FBE5011524451535578
:100640002D57EA738B575159625F845F75607661ED
:100650006761A961B2633A646C656F664268136E44
:1006600066753D7AFB7C4C7D997D4B7E6B7F0E835E
:100670004A83CD86088A638A668BFD8E1A988F9D81
:10068000B882CE8FE89B87521F628364C06F9996B1
:1006900041689150206B7A6C546F747A507D408819
:1006A000238A0867F64E3950265065507C513852DF
:1006B0006352A7550F570558CC5AFA5EB261F861DC
:1006C000F36272631C69296A7D72AC722E731478AE
:1006D0006F78797D0C77A9808B89198BE28CD28E0B
:1006E000639075937A965598139A789E43519F53C9
:1006F000B3537B5E265F1B6E906E8473FE73437DE7
:100700003782008AFA8A50964E4E0B50E4537C543E
:10071000FA56D159645BF15DAB5E275F386245657F
:10072000AF67566ED072CA7CB488A180E180F08336
:100730004E86878AE88D3792C7966798139F944EA6
:10074000924E0D4F485349543E542F5A8C5FA15F2F
:100750009F60A7688E6A5A7481789E8AA48A778B74
:1007600090915E4EC99BA44E7C4FAF4F19501650CE
:1007700049516C519F52B952FE529A53E35311544E
:100780000E5489555157A2577D59545B5D5B8F5B61
:10079000E55DE75DF75D785E835E9A5EB75E185F44
:1007A00052604C619762D862A7633B6502664366FC
:1007B000F4666D6721689768CB695F6C2A6D696D17
:1007C0002F6E9D6E327587766C783F7AE07C057D62
:1007D000187D5E7DB17D15800380AF80B18054812E
:1007E0008F812A8252834C8861881B8BA28CFC8C5F
:1007F000CA90759171923F78FC92A4954D96059898
:100800009999D89A3B9D5B52AB52F7530854D558EF
:10081000F762E06F6A8C5F8FB99E4B513B524A542E
:10082000FD56407A7791609DD29E4473096F708126
:100830001175FD5FDA60A89ADB72BC8F646B039858
:10084000CA4EF0566457BE585A5A6860C7610F6660
:1008500006663968B168F76DD5753A7D6E82429B40
:100860009B4E504FC95306556F5DE65DEE5DFB67CD
:10087000996C73740278508A9693DF885057A75EFC
:100880002B63B550AC508D510067C9545E58BB59AD
:10089000B05B695F4D62A1633D68736B086E7D70EC
:1008A000C7918072157826786D798E65307DDC83EE
:1008B000C188098F9B966452285750676A7FA18C24
:1008C000B45142572A963A588A69B480B2540E5DA0
:1008D000FC579578FA9D5C4F4A528B543E642866CB
:1008E0001467F567847A567B227D2F935C68AD9BF5
:1008F000397B19538A513752DF5BF662AE64E66486
:100900002D67BA6BA985D1969076D69B4C630693DA
:10091000AB9BBF765266094E9850C253715CE8603B
:10092000926463655F68E671CA732375977B827E04
:100930009586838BDB8C78911099AC65AB668B6B5D
:10094000D54ED44E3A4F7F4F3A52F853F253E355B7
:10095000DB56EB58CB59C959FF59505B4D5C025ED1
:100960002B5ED75F1D6007632F655C5BAF65BD6560
:10097000E8659D67626B7B6B0F6C45734979C17944
:10098000F87C197D2B7DA2800281F38196895E8A95
:10099000698A668A8C8AEE8AC78CDC8CCC96FC9835
:1009A0006F6B8B4E3C4F8D4F5051575BFA5B4861DC
:1009B00001634266216BCB6EBB6C3E72BD74D47515
:1009C000C1783A790C803380EA8194849E8F506C90
:1009D0007F9E0F5F588B2B9DFA7AF88E8D5BEB967E
:1009E000034EF153F7573159C95AA45B89607F6EA2
:1009F000066FBE75EA8C9F5B0085E07B7250F467E2
:100A00009D82615C4A851E7E0E829951045C6863FA
:100A1000668D9C656E713E79177D05801D8BCA8E33
:100A20006E90C786AA901F50FA523A5C53677C704A
:100A300035724C91C8912B93E582C25B315FF960AE
:100A40003B4ED653885B4B6231678A6BE972E07329
:100A50002E7A6B81A38D529196991251D7536A5475
:100A6000FF5B8863396AAC7D0097DA56CE536854D1
:100A7000975B315CDE5DEE4F0161FE62326DC079E5
:100A8000CB79427D4D7ED27FED811F829084468856
:100A90007289908B748E2F8F31904B916C91C6968A
:100AA0009C91C04E4F4F45514153935F0E62D467A6
:100AB000416C0B6E6373267ECD918392D45319598A
:100AC000BF5BD16D5D792E7E9B7C7E589F71FA5104
:100AD0005388F08FCA4FFB5C2566AC77E37A1C82A3
:100AE000FF99C651AA5FEC656F69896BF36D966ECD
:100AF000646FFE76147DE15D759087910698E651EE
:100B00001D5240629166D9661A6EB65ED27D727FC2
:100B1000F866AF85F785F88AA952D95373598F5E65
:100B2000905F5560E4926496B7501F51DD52205398
:100B30004753EC53E8544655315517566859BE593A
:100B40003C5AB55B065C0F5C115C1A5C845E8A5E85
:100B5000E05E705F7F628462DB628C63776307664E
:100B60000C662D6676667E67A2681F6A356ABC6C65
:100B7000886D096E586E3C7126716771C775017773
:100B80005D7801796579F079E07A117BA77C397D10
:100B90009680D6838B8449855D88F3881F8A3C8A3A
:100BA000548A738A618CDE8CA49166927E93189429
:100BB0009C9698970A4E084E1E4E574E975170526B
:100BC000CE573458CC58225B385EC560FE646167EE
:100BD0005667446DB6727375637AB884728BB89138
:100BE00020933156F457FE98ED620D69966BED71C6
:100BF000547E77807282E689DF985587B18F3B5C9F
:100C0000384FE14FB54F0755205ADD5BE95BC35FB5
:100C10004E612F63B0654B66EE689B69786DF16D30
:100C20003375B9751F775E79E679337DE381AF82DD
:100C3000AA85AA893A8AAB8E9B8F3290DD9107975D
:100C4000BA4EC14E03527558EC580B5C1A753D5C98
:100C50004E810A8AC58F63966D97257BCF8A089847
:100C60006291F356A853179039548257255EA863B2
:100C7000346C8A7061778B7CE07F708842905491ED
:100C8000109318938F965E74C49A075D695D7065C2
:100C9000A267A88DDB966E6349671969C5831798AB
:100CA000C096FE88846F7A64F85B164E2C705D7572
:100CB0002F66C4513652E252D359815F27601062C9
:100CC0003F6574651F667466F2681668636B056E2F
:100CD00072721F75DB76BE7C5680F058FD887F8966
:100CE000A08A938ACB8A1D909291529759978965D1
:100CF0000E7A0681BB962D5EDC601A62A5651466CD
:100D00009067F3774D7A4D7C3E7E0A81AC8C648D82
:100D1000E18D5F8EA9780752D962A563426498621B
:100D20002D8A837AC07BAC8AEA96767D0C824987CD
:100D3000D94E485143536053A35B025C165CDD5DA2
:100D400026624762B06413683468C96C456D176DDC
:100D5000D3675C6F4E717D71CB657F7AAD7BDA7D39
:100D60004A7EA87F7A811B823982A6856E8ACE8CC4
:100D7000F58D78907790AD9291928395AE9B4D5280
:100D80008455386F367168518579557EB381CE7C34
:100D90004C565158A85CAA63FE66FD665A69D97222
:100DA0008F758E750E795679DF79977C207D447D1D
:100DB0000786348A3B966190209FE7507552CC534A
:100DC000E2530950AA55EE584F593D728B5B645C53
:100DD0001D53E360F3605C6383633F63BB63CD6477
:100DE000E965F966E35DCD69FD69156FE571894EC9
:100DF000E975F876937ADF7CCF7D9C7D61804983AD
:100E000058836C84BC84FB85C588708D01906D907F
:100E100097931C97129ACF5097588E61D38135853E
:100E2000088D2090C34F7450475273536F604963CD
:100E30005F672C6EB38D1F90D74F5E5CCA8CCF65F9
:100E40009A7D525396887651C363585B6B5B0A5CFC
:100E50000D6451675C90D64E1A592A59706C518AAC
:100E60003E551558A559F0605362C16735825569E2
:100E70004096C499289A534F0658FE5B1080B15C87
:100E80002F5E855F20604B613462FF66F06CDE6E22
:100E9000CE807F81D4828B88B88C00902E908A96E9
:100EA000DB9EDB9BE34EF05327592C7B8D914C98B6
:100EB000F99DDD6E277053534455855B58629E62E1
:100EC000D362A26CEF6F2274178A3894C16FFE8AC6
:100ED0003883E751F886EA53E953464F5490B08F70
:100EE0006A593181FD5DEA7ABF8FDA68378CF87212
:100EF000489C3D6AB08A394E585306566657C562BB
:100F0000A263E6654E6BE16D5B6EAD70ED77EF7AD7
:100F1000AA7BBB7D3D80C680CB86958A5B93E356DA
:100F2000C7583E5FAD659666806AB56B3775C78AF0
:100F30002450E57730571B5F65607A66606CF47506
:100F40001A7A6E7FF48118874590B399C97B5C75D6
:100F5000F97A517BC4841090E979927A3683E15A08
:100F600040772D4EF24E995BE05FBD623C66F167C3
:100F7000E86C6B8677883B8A4E91F392D099176A1A
:100F800026702A73E7825784AF8C014E4651CB51AD
:100F90008B55F55B165E335E815E145F355F6B5F6C
:100FA000B45FF2611163A2661D676E6F52723A758B
:100FB0003A777480398178817687BF8ADC8A858D1B
:100FC000F38D9A9277950298E59CC5525763F47613
:100FD0001567886CCD73C38CAE937396256D9C5842
:100FE0000E69CC69FD8F9A93DB751A905A58026886
:100FF000B463FB69434F2C6FD867BB8F2685B47DE4
:1010000054933F69706F6A57F7582C5B2C7D2A7296
:101010000A54E391B49DAD4E4E4F5C50755043520F
:101020009E8C485424589A5B1D5E955EAD5EF75EBB
:101030001F5F8C60B5623A63D063AF68406C87789D
:101040008E790B7AE07D4782028AE68A448E13907D
:10105000B8902D91D8910E9FE56C5864E264756547
:10106000F46E84761B7B6990D193BA6EF254B95FAB
:10107000A4644D8FED8F449278516B582959555C7B
:10108000975EFB6D8F7E1C75BC8CE28E5B98B97091
:101090001D4FBF6BB16F3075FB964E5110543558D4
:1010A0005758AC59605C925F97655C67216E7B76A0
:1010B000DF83ED8C1490FD904D9325783A78AA52F9
:1010C000A65E1F577459126012505A51AC51CD513F
:1010D00000521055545858585759955BF65C8B5D23
:1010E000BC6095622D6471674368BC68DF68D77621
:1010F000D86D6F6E9B6D6F70C871535FD8757779BF
:10110000497B547B527BD67C717D305263846985E8
:10111000E4850E8A048B468C0F8E03900F901994F1
:1011200076962D98309AD895CD50D5520C540258B9
:101130000E5CA7619E641E6DB377E57AF48004842B
:1011400053908592E05C079D3F53975FB35F9C6D22
:1011500079726377BF79E47BD26BEC72AD8A0368F6
:10116000616AF851817A34694A5CF69CEB82C55B0E
:1011700049911E7078566F5CC76066658C6C5A8C9E
:10118000419013985154C7660D924859A3908551C8
:101190004D4EEA5199850E8B58707A634B93626974
:1011A000B499047E777557536069DF8EE3965D6C62
:1011B0008C4E3C5C105FE98F0253D18C898079861C
:1011C000FF5EE565734E655182593F5CEE97FB4EBD
:1011D0008A59CD5F8D8AE16FB0796279E75B71845E
:1011E0002B73B171745EF55F7B639A64C371987CF5
:1011F000434EFC5E4B4EDC57A256A960C36F0D7D7B
:10120000FD803381BF81B28F9789A486F45D8A62A5
:10121000AD6487897767E26C3E6D36743478465AE0
:10122000757FAD82AC99F34FC35EDD629263576503
:101230006F67C3764C72CC80BA80298F4D910D5068
:10124000F957925A856873696471FD72B78CF258C8
:10125000E08C6A9619907F87E479E77729842F4F8D
:1012600065525A53CD62CF67CA6C7D76947B957C6C
:1012700036828485EB8FDD66206F06721B7EAB8322
:10128000C199A69EFD51B17B7278B87B8780487B5F
:10129000E86A615E8C80517560756B5162928C6EEC
:1012A0007A769791EA9A104F707F9C624F7BA59552
:1012B000E99C7A565958E486BC96344F24524A53D6
:1012C000CD53DB53065E2C6491657F673E6C4E6C9C
:1012D0004872AF72ED735475417E2C82E985A98CFA
:1012E000C47BC69169711298EF983D6369666A750F
:1012F000E476D0784385EE862A5351532654835999
:10130000875E7C5FB26049627962AB629065D46B44
:10131000CC6CB275AE769178D879CB7D777FA5808D
:10132000AB88B98ABB8C7F905E97DB980B6A387C60
:1013300099503E5CAE5F8767D86B357409778E7FB6
:101340003B9FCA67177A39538B75ED9A665F9D810B
:10135000F18398803C5FC55F6275467B3C9067680F
:10136000EB599B5A107D7E762C8BF54F6A5F196A7C
:10137000376C026FE27468796888558A798CDF5E11
:10138000CF63C575D279D7822893F2929C84ED867B
:101390002D9CC1546C5F8C655C6D1570A78CD38CD3
:1013A0003B984F65F6740D4ED84EE0572B59665A50
:1013B000CC5BA851035E9C5E166076627765A7657C
:1013C0006E666E6D3672267B50819A8199825C8B37
:1013D000A08CE68C748D1C964496AE4FAB64666B05
:1013E0001E8261846A85E890015C5369A8987A84BA
:1013F00057850F4F6F52A95F455E0D678F797981D1
:1014000007898689F56D175F5562B86CCF4E697292
:10141000929B06523B547456B358A4616E621A7183
:101420006E59897CDE7C1B7DF09687655E80194E47
:10143000754F75514058635E735E0A5FC467264EF0
:101440003D8589955B96737C0198FB50C158567613
:10145000A7782552A5771185867B4F500959477289
:10146000C77BE87DBA8FD48F4D90BF4FC952295AA0
:10147000015FAD97DD4F1782EA9203575563696BA1
:101480002B75DC88148F427ADF52935855610A62BB
:10149000AE66CD6B3F7CE9832350F84F055346542D
:1014A000315849599D5BF05CEF5C295D965EB162F5
:1014B00067633E65B9650B67D56CE16CF97032788E
:1014C0002B7EDE80B3820C84EC84028712892A8A08
:1014D0004A8CA690D292FD98F39C6C9D4F4EA14EE3
:1014E0008D5056524A57A8593D5ED85FD95F3F622A
:1014F000B4661B67D067D2689251217DAA80A8810B
:10150000008B8C8CBF8C7E92329620542C98175373
:10151000D5505C53A858B264346767726677467AD0
:10152000E691C352A16C866B00584C5E54592C67EF
:10153000FB7FE151C6766964E878549BBB9ECB572C
:10154000B95927669A67CE6BE954D969555E9C8173
:101550009567AA9BFE67529C5D68A64EE34FC853F1
:10156000B9622B67AB6CC48FAD4F6D7EBF9E074ECB
:101570006261806E2B6F138573542A67459BF35D00
:10158000957BAC5CC65B1C874A6ED184147A08815B
:1015900099598D7C116C2077D952225921715F7233
:1015A000DB772797619D0B697F5A185AA5510D5417
:1015B0007D540E66DF76F78F9892F49CEA595D723F
:1015C000C56E4D51C968BF7DEC7D6297BA9E786447
:1015D000216A028384595F5BDB6B1B73F276B27DF9
:1015E0001780998432512867D99EEE766267FF5240
:1015F0000599245C3B627E7CB08C4F55B6600B7DB8
:10160000809501535F4EB6511C593A723680CE9187
:10161000255FE2778453795F047DAC85338A8D8EB4
:101620005697F367AE85539409610861B96C527699
:10163000ED8A388F2F55514F2A51C752CB53A55B96
:101640007D5EA0608261D6630967DA67676E8C6D24
:101650003673377331755079D588988A4A9091904E
:10166000F590C4968D871559884E594F0E4E898A2C
:101670003F8F1098AD507C5E9659B95BB85EDA63C7
:10168000FA63C164DC664A69D8690B6DB66E947101
:101690002875AF7A8A7F00804984C9848189218B2B
:1016A0000A8E65907D960A997E619162326B836C99
:1016B000746DCC7FFC7FC06D857FBA87F8886567C5
:1016C000B1833C98F7961B6D617D3D846A91714EA4
:1016D0007553505D046BEB6FCD852D86A78929521C
:1016E0000F54655C4E67A86806748374E275CF88F2
:1016F000E188CC91E29678968B5F8773CB7A4E84A3
:10170000A06365758952416D9C6E097459756B783B
:10171000927C8696DC7A8D9FB64F6E61C5655C863D
:10172000864EAE4EDA50214ECC51EE5B9965816803
:10173000BC6D1F734276AD771C7AE77C6F82D28ACC
:101740007C90CF91759618989B52D17D2B509853D1
:101750009767CB6DD0713374E8812A8FA396579C1D
:101760009F9E60744158996D2F7D5E98E44E364F70
:101770008B4FB751B152BA5D1C60B2733C79D382C2
:101780003492B796F6960A97979E629FA666746BF8
:101790001752A352C870C288C95E4B609061236F14
:1017A00049713E7CF47D6F80EE8423902C934254EB
:1017B0006F9BD36A8970C28CEF8D3297B452415AB5
:1017C000CA5E045F17677C6994696A6D0F6F627205
:1017D000FC72ED7B01807E804B87CE906D51939E95
:1017E00084798B803293D68A2D508C54718A6A6B9F
:1017F000C48C0781D160A067F29D994E984E109CD1
:101800006B8AC185688500697E6E97785581000076
:101810000A000100020003000400050006000700A2
:10182000080009000A000B000C000D000E000F005C
:101830001000000020202020202020202020202018
:101840002020202020202020202020202020202098
:1018500020202020000000001F001C2000000000AD
:1018600014210000020016240000000014250000CE
:101870000200152800000000112900000000142AB1
:1018800000000000182B00000000142C00000000D5
:10189000102D00000000142E000001000C3000008C
:1018A0000900143A00000100183C00000200143F37
:1018B00000000100034100001900155B000000005A
:1018C000145C00000000115D00000000175E0000C5
:1018D00000000F5F000000001760000000000361BF
:1018E00000001900157B00000000187C00000000BB
:1018F000117D00000000187E00000000007F000045
:1019000020001CA00000000014A10000000016A28E
:101910000000030019A60000000014A7000000004A
:1019200017A80000000019A90000000006AA000086
:10193000000013AB0000000018AC0000000001AD77
:101940000000000019AE0000000017AF000000000A
:1019500019B00000000018B1000000000EB2000035
:10196000010017B40000000003B50000000014B629
:101970000000010017B8000000000EB900000000D0
:1019800006BA0000000012BB000000000EBC000000
:10199000020014BF0000000003C00000160018D7AA
:1019A0000000000003D80000060004DF0000000073
:1019B00003E00000160018F70000000003F8000024
:1019C0003F00043801000000033901000F00044902
:1019D00001000000034A01004200048D01000000E4
:1019E000038E01000C00049B01000000039C010019
:1019F0000D0004AA0100010003AC01000D0004BAAF
:101A00000100000006BB0100000003BC0100010052
:101A100004BE0100000003BF0100000006C0010079
:101A2000030003C40100000007C50100000003C655
:101A30000100010007C80100000003C90100010006
:101A400007CB0100000003CC0100230004F00100DB
:101A5000000003F10100000007F20100000003F3A1
:101A600001002D00042102000000032202001100E9
:101A7000043402000500033A02001A000455020073
:101A80000000035602000100045802000000035940
:101A900002000000045A02000000035B0200010083
:101AA000045D020002000360020001000462020003
:101AB00000000363020000000464020000000365EC
:101AC0000200010004670200000003680200040035
:101AD000046D02000100036F0200000004700200A8
:101AE000000003710200010004730200010003758D
:101AF00002000000047602000600037D02000000E0
:101B0000047E020001000380020000000481020044
:101B10000000038202000100048402000200038727
:101B200002000500048D0200040003920200000080
:101B300004930200000006940200000004950200D5
:101B40000700039D02000100049F0200100005B081
:101B50000200110017C20200030005C602000B00BC
:101B600017D202000D0005E00200040017E5020094
:101B7000060005EC0200000017ED0200000005EE73
:101B80000200000017EF020010000B0003006F00BE
:101B900003700300030005740300000017750300C1
:101BA0000000037603000100057A03000000037BB8
:101BB00003000200147E03000000037F0300000006
:101BC000178403000100038603000000148703004C
:101BD0000000038803000200038C03000000038E52
:101BE00003000100049003000000039103001000B3
:101BF00003A303000C0004B00300000003B10300C2
:101C0000200008D20300020003D50300200018F6CC
:101C10000300000003F70300040004FC03000000BD
:101C200003FD030084001982040000000B830400FC
:101C300004000A8804000100038A0400A50003319F
:101C400005002500055905000000145A050005008F
:101C500004600500000003610500250004870500FD
:101C60000100148905000000108A05000000198D8C
:101C700005000100168F050000000B9105002C00E7
:101C800010BE050000000BBF0500000014C00500D9
:101C900000000BC10500010014C3050000000BC4C7
:101CA0000500010014C6050000000BC70500000078
:101CB00006D005001A0006EF0500030014F3050026
:101CC00001000100060005001806060002001409C4
:101CD00006000100160B06000000140C06000100AF
:101CE000190E060001000B1006000A00141B060066
:101CF0000000011C06000000141D06000200062062
:101D000006001F000540060000000641060009000D
:101D10000B4B060014000C6006000900146A060054
:101D20000300066E060001000B700600000006713D
:101D30000600620014D40600000006D5060000006C
:101D40000BD60600060001DD0600000019DE0600C5
:101D500000000BDF0600050005E5060001000BE7AB
:101D60000600010019E9060000000BEA0600030066
:101D700006EE060001000CF00600090006FA060057
:101D8000020019FD0600010006FF06000000140015
:101D900007000D00010F07000000061007000000FB
:101DA0000B1107000000061207001D000B30070092
:101DB0001A00064D070058000BA607000A0006B1DE
:101DC000070000000CC00700090006CA0700200039
:101DD0000BEB0700080005F40700010019F60700E7
:101DE000000014F70700020005FA070000000BFDD1
:101DF0000700000016FE070001000600080015009D
:101E00000B1608000300051A080000000B1B080051
:101E100008000524080000000B2508000200052822
:101E2000080000000B2908000400143008000E0010
:101E30000640080018000B5908000200145E080054
:101E40000000066008000A000670080017001788E6
:101E50000800000006890800050001900800010044
:101E60000B980800070006A00800280005C9080014
:101E700000000BCA0800170001E2080000000BE395
:101E800008001F00090309000000060409003500CE
:101E90000B3A09000000093B090000000B3C090057
:101EA0000000063D09000000093E090002000B4148
:101EB000090007000949090003000B4D0900000053
:101EC000094E090001000650090000000B510900ED
:101ED00006000658090009000B620900010014649D
:101EE000090001000C6609000900147009000000D7
:101EF000057109000000067209000E000B8109003F
:101F00000000098209000100068509000700068F0C
:101F10000900010006930900150006AA0900060041
:101F200006B20900000006B6090003000BBC090058
:101F3000000006BD0900000009BE090002000BC137
:101F40000900030009C70900010009CB09000100CD
:101F50000BCD0900000006CE0900000009D70900DA
:101F6000000006DC0900010006DF090002000BE2A8
:101F7000090001000CE60900090006F00900010053
:101F800016F2090001000EF40900050019FA090013
:101F9000000016FB0900000006FC0900000014FD0B
:101FA000090000000BFE090000000B010A000100FF
:101FB00009030A00000006050A000500060F0A00D2
:101FC000010006130A001500062A0A000600063260
:101FD0000A00010006350A00010006380A00010067
:101FE0000B3C0A000000093E0A0002000B410A00F7
:101FF00001000B470A0001000B4B0A0002000B51C5
:102000000A00000006590A000300065E0A000000EC
:102010000C660A0009000B700A00010006720A0033
:1020200002000B750A00000014760A0000000B8104
:102030000A00010009830A00000006850A00080062
:10204000068F0A00020006930A00150006AA0A007D
:10205000060006B20A00010006B50A0004000BBC27
:102060000A00000006BD0A00000009BE0A000200C6
:102070000BC10A0004000BC70A00010009C90A00CD
:10208000000009CB0A0001000BCD0A00000006D0B9
:102090000A00000006E00A0001000BE20A0001004D
:1020A0000CE60A00090014F00A00000016F10A000C
:1020B000000006F90A0000000BFA0A0005000B01F7
:1020C0000B00000009020B00010006050B000700D1
:1020D000060F0B00010006130B001500062A0B006B
:1020E000060006320B00010006350B0004000B3C15
:1020F0000B000000063D0B000000093E0B00000035
:102100000B3F0B00000009400B0000000B410B00CF
:10211000030009470B000100094B0B0001000B4DA8
:102120000B0000000B550B00010009570B000000CD
:10213000065C0B000100065F0B0002000B620B0047
:1021400001000C660B00090019700B0000000671FD
:102150000B0000000E720B0005000B820B0000004C
:1021600006830B00000006850B000500068E0B00A1
:10217000020006920B00030006990B000100069C6A
:102180000B000000069E0B00010006A30B000100DF
:1021900006A80B00020006AE0B000B0009BE0B00E8
:1021A00001000BC00B00000009C10B00010009C6B3
:1021B0000B00020009CA0B0002000BCD0B0000004F
:1021C00006D00B00000009D70B0000000CE60B0046
:1021D00009000EF00B00020019F30B00050016F9C0
:1021E0000B00000019FA0B0000000B000C000000AF
:1021F00009010C0002000B040C00000006050C0095
:102200000700060E0C00020006120C001600062A3B
:102210000C000F000B3C0C000000063D0C00000001
:102220000B3E0C00020009410C0003000B460C00A1
:1022300002000B4A0C0003000B550C00010006586D
:102240000C000200065D0C00000006600C0001009E
:102250000B620C0001000C660C00090014770C00E6
:1022600000000E780C000600197F0C0000000680AC
:102270000C0000000B810C00000009820C00010022
:1022800014840C00000006850C000700068E0C006C
:10229000020006920C00160006AA0C00090006B502
:1022A0000C0004000BBC0C00000006BD0C0000007C
:1022B00009BE0C0000000BBF0C00000009C00C00A0
:1022C00004000BC60C00000009C70C00010009CA7D
:1022D0000C0001000BCC0C00010009D50C00010022
:1022E00006DD0C00010006E00C0001000BE20C0012
:1022F00001000CE60C00090006F10C0001000B00C7
:102300000D00010009020D00010006040D00080087
:10231000060E0D00020006120D0028000B3B0D00FA
:102320000100063D0D000000093E0D0002000B41BA
:102330000D00030009460D000200094A0D000200CD
:102340000B4D0D000000064E0D000000194F0D0052
:10235000000006540D00020009570D0000000E5841
:102360000D000600065F0D0002000B620D0001006B
:102370000C660D0009000E700D00080019790D00A3
:102380000000067A0D0005000B810D000000098297
:102390000D00010006850D001100069A0D001700C2
:1023A00006B30D00080006BD0D00000006C00D00BC
:1023B00006000BCA0D00000009CF0D0002000BD271
:1023C0000D0002000BD60D00000009D80D0007001B
:1023D0000CE60D00090009F20D00010014F40D00D7
:1023E000000006010E002F000B310E000000063227
:1023F0000E0001000B340E000600163F0E00000018
:1024000006400E00050005460E0000000B470E00BA
:102410000700144F0E0000000C500E000900145A63
:102420000E00010006810E00010006840E0000006F
:1024300006860E000400068C0E00170006A50E008E
:10244000000006A70E0009000BB10E00000006B246
:102450000E0001000BB40E00080006BD0E000000C7
:1024600006C00E00040005C60E0000000BC80E00DA
:1024700005000CD00E00090006DC0E00030006006B
:102480000F00000019010F00020014040F000E00DD
:1024900019130F00000014140F00000019150F008D
:1024A00002000B180F000100191A0F0005000C2084
:1024B0000F0009000E2A0F00090019340F00000058
:1024C0000B350F00000019360F0000000B370F000E
:1024D000000019380F0000000B390F000000153AFA
:1024E0000F000000113B0F000000153C0F00000022
:1024F000113D0F000000093E0F00010006400F00D3
:10250000070006490F0023000B710F000D00097F23
:102510000F0000000B800F00040014850F00000066
:102520000B860F00010006880F0004000B8D0F00C2
:102530000A000B990F00230019BE0F0007000BC6FD
:102540000F00000019C70F00050019CE0F00010091
:1025500014D00F00040019D50F00030014D90F0088
:102560000100060010002A00092B100001000B2DAD
:10257000100003000931100000000B3210000500AC
:102580000938100000000B3910000100093B100051
:1025900001000B3D10000100063F100000000C4040
:1025A00010000900144A1000050006501000050034
:1025B0000956100001000B5810000100065A1000C7
:1025C00003000B5E100002000661100000000962AB
:1025D00010000200066510000100096710000600E7
:1025E000066E100002000B7110000300067510004B
:1025F0000C000B82100000000983100001000B8505
:10260000100001000987100005000B8D100000006C
:10261000068E10000000098F100000000C901000C2
:102620000900099A100002000B9D10000000199E7D
:102630001000010003A01000250003C710000000D7
:1026400003CD1000000003D010002A0014FB10007E
:10265000000005FC1000000003FD10000200060051
:1026600011004801064A120003000650120006003D
:10267000065812000000065A1200030006601200FD
:102680002800068A1200030006901200200006B2FD
:102690001200030006B81200060006C01200000077
:1026A00006C21200030006C812000E0006D812006F
:1026B00038000612130003000618130042000B5DD9
:1026C000130002001460130008000E6913001300C9
:1026D000068013000F0019901300090003A01300D7
:1026E000550003F813000500100014000000060157
:1026F00014006B02196D16000000146E1600000025
:10270000066F160010001C801600000006811600DF
:102710001900159B16000000119C1600000006A071
:1027200016004A0014EB160002000DEE160002001F
:1027300006F1160007000600170011000B12170023
:102740000200091517000000061F170012000B32C7
:1027500017000100093417000000143517000100AC
:102760000640170011000B52170001000660170009
:102770000C00066E170002000B72170001000680A5
:10278000170033000BB41700010009B61700000052
:102790000BB71700060009BE170007000BC617008D
:1027A000000009C7170001000BC917000A0014D464
:1027B0001700020005D71700000014D81700020008
:1027C00016DB1700000006DC170000000BDD170009
:1027D00000000CE0170009000EF0170009001400BB
:1027E0001800050010061800000014071800030068
:1027F0000B0B18000200010E180000000B0F180050
:1028000000000C10180009000620180022000543E3
:102810001800000006441800340006801800040068
:102820000B85180001000687180021000BA918006D
:10283000000006AA1800000006B0180045000600B7
:1028400019001E000B2019000200092319000300C3
:102850000B2719000100092919000200093019008D
:1028600001000B32190000000933190005000B3973
:102870001900020019401900000014441900010059
:102880000C4619000900065019001D0006701900B9
:102890000400068019002B0006B0190019000CD0A6
:1028A000190009000EDA1900000019DE19002100D4
:1028B00006001A0016000B171A00010009191A0069
:1028C00001000B1B1A000000141E1A000100062054
:1028D0001A00340009551A0000000B561A000000B7
:1028E00009571A0000000B581A0006000B601A0066
:1028F000000009611A0000000B621A000000096361
:102900001A0001000B651A000700096D1A00050086
:102910000B731A0009000B7F1A0000000C801A00CC
:1029200009000C901A00090014A01A00060005A75F
:102930001A00000014A81A0005000BB01A000D00C0
:102940000ABE1A0000000BBF1A000F000B001B008C
:10295000030009041B00000006051B002E000B34B9
:102960001B00000009351B0000000B361B00040093
:10297000093B1B0000000B3C1B000000093D1B0035
:1029800004000B421B00000009431B000100064528
:102990001B0007000C501B000900145A1B00060006
:1029A00019611B0009000B6B1B00080019741B0048
:1029B0000800147D1B0001000B801B000100098230
:1029C0001B00000006831B001D0009A11B00000066
:1029D0000BA21B00030009A61B0001000BA81B0093
:1029E000010009AA1B0000000BAB1B00020006AE91
:1029F0001B0001000CB01B00090006BA1B002B00D5
:102A00000BE61B00000009E71B0000000BE81B00A1
:102A1000010009EA1B0002000BED1B00000009EE9B
:102A20001B0000000BEF1B00020009F21B0001005D
:102A300014FC1B00030006001C00230009241C00DA
:102A400007000B2C1C00070009341C0001000B368A
:102A50001C000100143B1C0004000C401C00090079
:102A6000064D1C0002000C501C000900065A1C00F8
:102A70001D0005781C000500147E1C000100038069
:102A80001C00080003901C002A0003BD1C0002006B
:102A900014C01C0007000BD01C00020014D31C0043
:102AA00000000BD41C000C0009E11C0000000BE22C
:102AB0001C00060006E91C0003000BED1C000000D2
:102AC00006EE1C0005000BF41C00000006F51C00BF
:102AD000010009F71C0000000BF81C00010006FAB9
:102AE0001C00000004001D002B00052C1D003E00F2
:102AF000046B1D000C0005781D00000003791D000B
:102B00000000047A1D000200037D1D000000047E09
:102B10001D000F00038E1D000000048F1D000B0020
:102B2000059B1D0024000BC01D003F0003001E007C
:102B3000950004961E000400039B1E000000049CE8
:102B40001E000100039E1E000000049F1E000000E6
:102B500003A01E00750003181F00050003201F00BE
:102B6000250003481F00050004501F00000003510A
:102B70001F00000004521F00000003531F0000004C
:102B800004541F00000003551F00000004561F00DE
:102B9000000003571F00000003591F000000035BE3
:102BA0001F000000035D1F000000035F1F001E00E8
:102BB00003801F00070007881F00070003901F0005
:102BC000070007981F00070003A01F00070007A8C1
:102BD0001F00070003B01F00010004B21F00000027
:102BE00003B31F00000004B41F00000004B61F0060
:102BF000010003B81F00030007BC1F00000017BD41
:102C00001F00000003BE1F00000017BF1F000200CE
:102C100004C21F00000003C31F00000004C41F0003
:102C2000000004C61F00010003C81F00030007CCFA
:102C30001F00000017CD1F00020003D01F0001007D
:102C400004D21F00010004D61F00010003D81F009A
:102C5000030017DD1F00020003E01F00010004E273
:102C60001F00020003E51F00000004E61F00010032
:102C700003E81F00040017ED1F00020004F21F000C
:102C8000000003F31F00000004F41F00000004F61E
:102C90001F00010003F81F00030007FC1F000000D5
:102CA00017FD1F0001001C0020000A00010B20007E
:102CB0000400101020000500141620000100131855
:102CC00020000000121920000000151A200000004A
:102CD000131B20000100121D20000000151E200003
:102CE0000000131F200000001420200007001A28F5
:102CF000200000001B2920000000012A2000040001
:102D00001C2F200000001430200008001339200080
:102D10000000123A20000000143B200003000F3F87
:102D2000200001001441200002001844200000008F
:102D30001545200000001146200000001447200027
:102D40000A001852200000001453200000000F5405
:102D5000200000001455200009001C5F2000000026
:102D60000160200004000166200009000E702000B0
:102D700000000571200000000E7420000500187A84
:102D800020000200157D20000000117E20000000C0
:102D9000057F200000000E8020000900188A200016
:102DA0000200158D20000000118E2000000005900B
:102DB00020000C0016A0200020000BD020000C00EA
:102DC0000ADD200003000BE1200000000AE22000E1
:102DD00002000BE520000B00190021000100080291
:102DE0002100000019032100030008072100000052
:102DF000190821000100040A21000000080B21002D
:102E00000200040E2100010008102100020004133A
:102E10002100000019142100000008152100000005
:102E200019162100010018182100000008192100BE
:102E30000400191E210005000824210000001925A6
:102E400021000000032621000000192721000000B6
:102E5000082821000000192921000000032A210070
:102E60000100082C21000100192E21000000042F70
:102E70002100000008302100010003322100000081
:102E80000833210000000434210000000635210031
:102E90000300043921000000193A21000100043C1C
:102EA00021000100083E210001001840210004001B
:102EB000084521000000044621000300194A2100B2
:102EC0000000184B21000000194C21000100034EA6
:102ED00021000000194F210000000E5021000F00BA
:102EE0000D60210022000383210001000D852100D7
:102EF00003000E8921000000198A210001001890AA
:102F000021000400199521000400189A21000100F5
:102F1000199C2100030018A02100000019A1210024
:102F2000010018A32100000019A42100010018A627
:102F30002100000019A72100060018AE21000000A2
:102F400019AF21001E0018CE2100010019D0210068
:102F5000010018D22100000019D32100000018D46C
:102F60002100000019D521001E0018F421000B01DA
:102F70001900230007001508230000001109230091
:102F80000000150A23000000110B23000000190C9B
:102F9000230013001820230001001922230006003B
:102FA000152923000000112A23000000192B2300FB
:102FB0005000187C23000000197D23001D00189B81
:102FC0002300180019B42300270018DC2300050093
:102FD00019E223004400194024000A000E60240076
:102FE0003B00199C24004D000EEA24001500190036
:102FF0002500B60018B72500000019B82500080004
:1030000018C12500000019C22500350018F8250058
:103010000700190026006E00186F260000001970C6
:103020002600F7001568270000001169270000003E
:10303000156A27000000116B27000000156C27009F
:103040000000116D27000000156E27000000116FB1
:1030500027000000157027000000117127000000F4
:103060001572270000001173270000001574270057
:1030700000001175270000000E7627001D0019942E
:1030800027002B0018C02700040015C527000000EA
:1030900011C62700000018C727001E0015E62700EC
:1030A000000011E72700000015E82700000011E9E3
:1030B0002700000015EA2700000011EB27000000A0
:1030C00015EC2700000011ED2700000015EE270089
:1030D000000011EF2700000018F027000F00190072
:1030E0002800FF0018002900820015832900000035
:1030F000118429000000158529000000118629008F
:10310000000015872900000011882900000015899A
:1031100029000000118A29000000158B29000000F9
:10312000118C29000000158D29000000118E290046
:103130000000158F29000000119029000000159152
:1031400029000000119229000000159329000000B9
:1031500011942900000015952900000011962900FE
:103160000000159729000000119829000000189907
:1031700029003E0015D82900000011D929000000BF
:1031800015DA2900000011DB2900000018DC2900F5
:103190001F0015FC2900000011FD2900000018FE89
:1031A0002900010119002B002F0018302B001400FA
:1031B00019452B00010018472B000500194D2B0065
:1031C000260019762B001F0019972B0068000300BA
:1031D0002C00700004712C00000003722C00010010
:1031E00004742C00000003752C00010004772C00EF
:1031F0000400057C2C000100037E2C00650004E423
:103200002C00000019E52C00050003EB2C00030046
:103210000BEF2C00020003F22C00010014F92C002B
:1032200003000EFD2C00000014FE2C000100030022
:103230002D00250003272D000000032D2D00000088
:1032400006302D003700056F2D00000014702D0092
:1032500000000B7F2D00000006802D00160006A048
:103260002D00060006A82D00060006B02D00060061
:1032700006B82D00060006C02D00060006C82D0069
:10328000060006D02D00060006D82D0006000BE033
:103290002D001F0014002E00010013022E0000005C
:1032A00012032E00000013042E00000012052E0051
:1032B000000014062E00020013092E000000120A5E
:1032C0002E000000140B2E000000130C2E00000036
:1032D000120D2E000000140E2E00080010172E00F4
:1032E000000014182E000100101A2E000000141BFC
:1032F0002E000000131C2E000000121D2E000000E6
:10330000141E2E00010013202E00000012212E009A
:10331000000015222E00000011232E0000001524AD
:103320002E00000011252E00000015262E000000A2
:1033300011272E00000015282E00000011292E0054
:103340000000142A2E000400052F2E000000143067
:103350002E000900103A2E000100143C2E0003003C
:1033600010402E00000014412E00000015422E00D7
:10337000000014432E000C0019502E0001001452BE
:103380002E00020015552E00000011562E000000E0
:1033900015572E00000011582E00000015592E0060
:1033A0000000115A2E000000155B2E000000115C79
:1033B0002E000000105D2E00000019802E00190064
:1033C000199B2E00580019002F00D50019F02F006E
:1033D0000B001C0030000000140130000200190432
:1033E0003000000005053000000006063000000037
:1033F0000D073000000015083000000011093000F2
:103400000000150A30000000110B30000000150C00
:1034100030000000110D30000000150E30000000DB
:10342000110F3000000015103000000011113000A5
:1034300000001912300001001514300000001115B1
:103440003000000015163000000011173000000099
:10345000151830000000111930000000151A300056
:103460000000111B30000000101C30000000151D72
:1034700030000000111E3000010019203000000053
:103480000D21300008000B2A30000300092E300007
:103490000100103030000000053130000400193602
:1034A000300001000D3830000200053B3000000004
:1034B000063C30000000143D30000000193E300092
:1034C00001000641300055000B9930000100179BA8
:1034D00030000100059D30000100069F3000000013
:1034E00010A03000000006A13000590014FB30008D
:1034F000000005FC3000020006FF30000000060559
:1035000031002A00063131005D00199031000100C0
:103510000E923100030019963100090006A0310017
:103520001F0019C03100230006F031000F00190000
:1035300032001E000E2032000900192A32001D0040
:103540000E48320007001950320000000E513200C0
:103550000E00196032001F000E8032000900198A27
:10356000320026000EB132000E0019C032003F01B9
:1035700006003400BF1919C04D003F0006004E0080
:1035800014520515A00000000616A000760419903C
:10359000A400360006D0A400270005F8A40005000A
:1035A00014FEA40001000600A5000B01050CA600F6
:1035B0000000140DA60002000610A6000F000C204B
:1035C000A6000900062AA60001000340A6002D005F
:1035D000066EA60000000B6FA60000000A70A60091
:1035E00002001473A60000000B74A6000900147EEC
:1035F000A6000000057FA60000000380A6001B00B7
:10360000059CA60001000B9EA600010006A0A600D6
:1036100045000DE6A60009000BF0A600010014F21B
:10362000A60005001700A70016000517A700080050
:103630001720A70001000322A7000D000430A700F7
:1036400001000332A7003D000570A70000000471CF
:10365000A70007000379A7000E000588A700000057
:103660001789A7000100038BA7000200048EA700A2
:103670000000068FA70000000390A7000400049537
:10368000A70000000396A700180004AFA7000000E1
:1036900003B0A7001A0003D0A700010004D3A700BD
:1036A000000004D5A700000003D6A700030005F220
:1036B000A700020003F5A700010006F7A70000001D
:1036C00005F8A700010004FAA700000006FBA70008
:1036D00006000B02A80000000603A80002000B066B
:1036E000A80000000607A80003000B0BA8000000BC
:1036F000060CA80016000923A80001000B25A8004D
:1037000001000927A80000001928A80003000B2CBD
:10371000A80000000E30A80005001936A80001001E
:103720001638A80000001939A80000000640A800BB
:1037300033001474A80003000980A8000100068269
:10374000A800310009B4A8000F000BC4A8000100B4
:1037500014CEA80001000CD0A80009000BE0A800BE
:10376000110006F2A800050014F8A800020006FBEC
:10377000A800000014FCA800000006FDA80001003D
:103780000BFFA80000000C00A9000900060AA90010
:103790001B000B26A9000700142EA900010006300B
:1037A000A90016000B47A9000A000952A900010050
:1037B000145FA90000000660A9001C000B80A9008E
:1037C00002000983A90000000684A9002E000BB3A3
:1037D000A900000009B4A90001000BB6A90003006C
:1037E00009BAA90001000BBCA900010009BEA9008B
:1037F000020014C1A9000C0005CFA90000000CD0E4
:10380000A900090014DEA900010006E0A9000400D7
:103810000BE5A900000005E6A900000006E7A900E5
:1038200008000CF0A900090006FAA900040006002F
:10383000AA0028000B29AA000500092FAA000100F0
:103840000B31AA0001000933AA0001000B35AA00C0
:1038500001000640AA0002000B43AA000000064433
:10386000AA0007000B4CAA000000094DAA000000A6
:103870000C50AA000900145CAA0003000660AA000C
:103880000F000570AA0000000671AA000500197754
:10389000AA000200067AAA000000097BAA00000024
:1038A0000B7CAA000000097DAA000000067EAA0089
:1038B00031000BB0AA00000006B1AA0000000BB254
:1038C000AA00020006B5AA0001000BB7AA00010079
:1038D00006B9AA0004000BBEAA00010006C0AA0097
:1038E00000000BC1AA00000006C2AA00000006DB0F
:1038F000AA00010005DDAA00000014DEAA000100F4
:1039000006E0AA000A0009EBAA0000000BECAA00DE
:10391000010009EEAA00010014F0AA00010006F25D
:10392000AA00000005F3AA00010009F5AA000000A2
:103930000BF6AA0000000601AB0005000609AB006B
:1039400005000611AB0005000620AB0006000628A6
:10395000AB0006000430AB0022000353AB000000B4
:103960000454AB000600175BAB000000055CAB0025
:1039700003000460AB0008000569AB000000176A93
:10398000AB0001000370AB004F0006C0AB0022008B
:1039900009E3AB0001000BE5AB00000009E6AB005A
:1039A00001000BE8AB00000009E9AB00010014EBDB
:1039B000AB00000009ECAB0000000BEDAB00000019
:1039C0000CF0AB0009000600AC00A32B06B0D7003A
:1039D000160006CBD70030000200D800FF07060013
:1039E000F9006D010670FA0069000400FB00060092
:1039F0000413FB000400061DFB0000000B1EFB006F
:103A00000000061FFB0009001829FB000000062A21
:103A1000FB000C000638FB000400063EFB00000023
:103A20000640FB0001000643FB0001000646FB00C8
:103A30006B0017B2FB00100006D3FB006A01113EB9
:103A4000FD000000153FFD0000001940FD000F00C3
:103A50000650FD003F000692FD00350019CFFD0025
:103A6000000006F0FD000B0016FCFD00000019FD33
:103A7000FD0002000B00FE000F001410FE00060007
:103A80001517FE0000001118FE0000001419FE00BA
:103A900000000B20FE000F001430FE00000010316B
:103AA000FE0001000F33FE0001001535FE0000008E
:103AB0001136FE0000001537FE0000001138FE0030
:103AC00000001539FE000000113AFE000000153B11
:103AD000FE000000113CFE000000153DFE0000004D
:103AE000113EFE000000153FFE0000001140FE00E8
:103AF00000001541FE0000001142FE0000001543C9
:103B0000FE0000001144FE0000001445FE0001000C
:103B10001547FE0000001148FE0000001449FE0099
:103B200003000F4DFE0002001450FE00020014546A
:103B3000FE0003001058FE0000001559FE000000B2
:103B4000115AFE000000155BFE000000115CFE0033
:103B50000000155DFE000000115EFE000000145F15
:103B6000FE0002001862FE0000001063FE0000006C
:103B70001864FE0002001468FE0000001669FE00D2
:103B80000000146AFE0001000670FE0004000676C4
:103B9000FE00860001FFFE0000001401FF0002008D
:103BA0001604FF0000001405FF0002001508FF00C6
:103BB00000001109FF000000140AFF000000180BAC
:103BC000FF000000140CFF000000100DFF000000BB
:103BD000140EFF0001000C10FF000900141AFF0072
:103BE0000100181CFF000200141FFF000100032148
:103BF000FF001900153BFF000000143CFF0000000F
:103C0000113DFF000000173EFF0000000F3FFF00C6
:103C100000001740FF0000000341FF001900155B82
:103C2000FF000000185CFF000000115DFF000000B5
:103C3000185EFF000000155FFF0000001160FF002C
:103C400000001461FF0000001562FF000000116316
:103C5000FF0000001464FF0001000666FF00090079
:103C60000570FF0000000671FF002C00059EFF009C
:103C7000010006A0FF001E0006C2FF00050006CAE4
:103C8000FF00050006D2FF00050006DAFF00020073
:103C900016E0FF00010018E2FF00000017E3FF003C
:103CA000000019E4FF00000016E5FF00010019E81C
:103CB000FF00000018E9FF00030019EDFF000100FC
:103CC00001F9FF00020019FCFF00010006000001DD
:103CD0000B00060D00011900062800011200063C29
:103CE00000010100063F00010E00065000010D001A
:103CF000068000017A001400010102000E07010194
:103D00002C001937010108000D40010134000E7527
:103D1000010103001979010110000E8A010101005F
:103D2000198C01010200199001010C0019A0010178
:103D3000000019D001012C000BFD010100000680DC
:103D400002011C0006A0020130000BE0020100008D
:103D50000EE102011A00060003011F000E200301FC
:103D60000300062D030113000D410301000006426C
:103D7000030107000D4A030100000650030125005E
:103D80000B7603010400068003011D00149F03014C
:103D9000000006A00301230006C80301070014D099
:103DA000030100000DD103010400030004014F00D2
:103DB000065004014D000CA00401090003B00401E9
:103DC000230003D804012300060005012700063064
:103DD00005013300146F05010000037005010A009E
:103DE000037C05010E00038C050106000394050108
:103DF0000100039705010A0003A305010E0003B3A8
:103E00000501060003BB050101000600060136019D
:103E1000064007011500066007010700058007013D
:103E2000050005870701290005B207010800060003
:103E300008010500060808010000060A08012B0019
:103E4000063708010100063C08010000063F080192
:103E500016001457080100000E58080107000660FC
:103E6000080116001977080101000E790801060003
:103E7000068008011E000EA70801080006E00801E0
:103E8000120006F4080101000EFB08010400060000
:103E9000090115000E1609010500141F0901000093
:103EA000062009011900143F0901000006800901DC
:103EB00037000EBC0901010006BE090101000EC059
:103EC00009010F000ED209012D0006000A010000B1
:103ED0000B010A0102000B050A0101000B0C0A018B
:103EE000030006100A01030006150A010200061964
:103EF0000A011C000B380A0102000B3F0A010000F6
:103F00000E400A01080014500A01080006600A0168
:103F10001C000E7D0A010100147F0A0100000680CA
:103F20000A011C000E9D0A01020006C00A010700DA
:103F300019C80A01000006C90A011B000BE50A01A5
:103F400001000EEB0A01040014F00A01060006004D
:103F50000B01350014390B01060006400B0115005A
:103F60000E580B01070006600B0112000E780B01C2
:103F7000070006800B01110014990B0103000EA924
:103F80000B01060006000C01480003800C01320002
:103F900003C00C0132000EFA0C01050006000D01F1
:103FA00023000B240D0103000C300D0109000E60ED
:103FB0000E011E0006800E0129000BAB0E01010050
:103FC00010AD0E01000006B00E01010006000F0149
:103FD0001C000E1D0F01090006270F01000006300E
:103FE0000F0115000B460F010A000E510F010300CF
:103FF00014550F01040006700F0111000B820F0110
:10400000030014860F01030006B00F0114000EC553
:104010000F01060006E00F01160009001001000064
:104020000B0110010000090210010000060310013D
:1040300034000B3810010E001447100106000E5218
:10404000100113000C66100109000B701001000034
:104050000671100101000B731001010006751001BB
:1040600000000B7F1001020009821001000006838E
:1040700010012C0009B0100102000BB31001030065
:1040800009B7100101000BB91001010014BB1001A8
:10409000010001BD1001000014BE100103000BC29D
:1040A0001001000001CD1001000006D01001180021
:1040B0000CF0100109000B001101020006031101B0
:1040C00023000B2711010400092C110100000B2D06
:1040D000110107000C361101090014401101030001
:1040E00006441101000009451101010006471101B4
:1040F00000000650110122000B731101000014741E
:10410000110101000676110100000B801101010070
:10411000098211010000068311012F0009B311016A
:1041200002000BB61101080009BF1101010006C110
:104130001101030014C5110103000BC91101030093
:1041400014CD1101000009CE110100000BCF1101A7
:1041500000000CD01101090006DA1101000014DB87
:104160001101000006DC1101000014DD1101020044
:104170000EE11101130006001201110006131201D5
:104180001800092C120102000B2F12010200093243
:10419000120101000B341201000009351201000068
:1041A0000B36120101001438120105000B3E1201FA
:1041B0000000068012010600068812010000068A2F
:1041C00012010300068F12010E00069F1201090062
:1041D00014A91201000006B012012E000BDF12011B
:1041E000000009E0120102000BE3120107000CF0CD
:1041F000120109000B001301010009021301010063
:10420000060513010700060F130101000613130131
:104210001500062A130106000632130101000635B7
:10422000130104000B3B13010100063D13010000C4
:10423000093E130101000B40130100000941130165
:104240000300094713010100094B13010200065046
:1042500013010000095713010000065D130104005B
:104260000962130101000B66130106000B701301B4
:1042700004000600140134000935140102000B3853
:10428000140107000940140101000B42140102004F
:104290000945140100000B461401000006471401F3
:1042A0000300144B140104000C5014010900145AAB
:1042B00014010100145D140100000B5E14010000E4
:1042C000065F14010200068014012F0009B01401DA
:1042D00002000BB31401050009B9140100000BBA68
:1042E0001401000009BB140103000BBF14010100FD
:1042F00009C1140100000BC21401010006C414011D
:10430000010014C61401000006C7140100000CD0FF
:1043100014010900068015012E0009AF15010200E5
:104320000BB21501030009B8150103000BBC150100
:10433000010009BE150100000BBF1501010014C1E9
:104340001501160006D8150103000BDC150101004C
:10435000060016012F000930160102000B3316016A
:104360000700093B160101000B3D16010000093E44
:10437000160100000B3F1601010014411601020056
:104380000644160100000C501601090014601601C5
:104390000C00068016012A000BAB1601000009ACC8
:1043A000160100000BAD1601000009AE1601010058
:1043B0000BB01601050009B6160100000BB7160177
:1043C000000006B81601000014B9160100000CC068
:1043D00016010900060017011A000B1D1701020043
:1043E0000920170101000B221701030009261701FC
:1043F00000000B27170104000C30170109000E3ACA
:1044000017010100143C17010200193F17010000B9
:10441000064017010600060018012B00092C1801A0
:1044200002000B2F180108000938180100000B3991
:1044300018010100143B1801000003A018013F00FF
:104440000CE0180109000EEA1801080006FF180127
:104450000700060919010000060C190107000615DE
:10446000190101000618190117000930190105008A
:104470000937190101000B3B19010100093D190120
:1044800000000B3E19010000063F19010000094021
:10449000190100000641190100000942190100003C
:1044A0000B43190100001444190102000C501901BA
:1044B000090006A01901070006AA1901260009D162
:1044C000190102000BD4190103000BDA19010100D4
:1044D00009DC190103000BE01901000006E11901D4
:1044E000000014E21901000006E31901000009E4CC
:1044F0001901000006001A0100000B011A01090051
:10450000060B1A0127000B331A01050009391A019D
:104510000000063A1A0100000B3B1A010300143F89
:104520001A0107000B471A01000006501A0100008B
:104530000B511A01050009571A0101000B591A0104
:104540000200065C1A012D000B8A1A010C00099763
:104550001A0100000B981A010100149A1A010200B6
:10456000069D1A010000149E1A01040006B01A01EB
:10457000480006001C010800060A1C012400092F3F
:104580001C0100000B301C0106000B381C0105004B
:10459000093E1C0100000B3F1C01000006401C01ED
:1045A000000014411C0104000C501C0109000E5AAB
:1045B0001C01120014701C01010006721C011D0078
:1045C0000B921C01150009A91C0100000BAA1C017B
:1045D000060009B11C0100000BB21C01010009B466
:1045E0001C0100000BB51C01010006001D010600A6
:1045F00006081D010100060B1D0125000B311D01E0
:1046000005000B3A1D0100000B3C1D0101000B3F92
:104610001D01060006461D0100000B471D0100009C
:104620000C501D01090006601D01050006671D01F3
:104630000100066A1D011F00098A1D0104000B907C
:104640001D01010009931D0101000B951D010000D2
:1046500009961D0100000B971D01000006981D0121
:1046600000000CA01D01090006E01E0112000BF362
:104670001E01010009F51E01010014F71E010100D1
:1046800006B01F0100000EC01F01140019D51F0144
:10469000070016DD1F01030019E11F01100014FFC0
:1046A0001F0100000600200199030D0024016E0087
:1046B00014702401040006802401C30006902F0119
:1046C000600014F12F010100060030012E040130BA
:1046D0003401080006004401460206006801380261
:1046E00006406A011E000C606A010900146E6A012E
:1046F000010006706A014E000CC06A01090006D074
:104700006A011D000BF06A01040014F56A01000043
:1047100006006B012F000B306B01060014376B0194
:104720000400193C6B01030005406B0103001444B5
:104730006B01000019456B0100000C506B01090072
:104740000E5B6B01060006636B011400067D6B01B6
:10475000120003406E013F000E806E011600149798
:104760006E01030006006F014A000B4F6F0100004D
:1047700006506F01000009516F0136000B8F6F0169
:10478000030005936F010C0005E06F01010014E2C6
:104790006F01000005E36F0100000BE46F010000F2
:1047A00009F06F01010006007001F717060088018B
:1047B000D50406008D01080005F0AF01030005F5E2
:1047C000AF01060005FDAF0101000600B0012201A6
:1047D0000650B10102000664B10103000670B10188
:1047E0008B010600BC016A000670BC010C0006804B
:1047F000BC0108000690BC010900199CBC01000026
:104800000B9DBC010100149FBC01000001A0BC0174
:1048100003000B00CF012D000B30CF011600195003
:10482000CF0173001900D001F5001900D101260055
:104830001929D1013B000965D10101000B67D101A4
:104840000200196AD1010200096DD101050001734E
:10485000D10107000B7BD10107001983D1010100B1
:104860000B85D1010600198CD1011D000BAAD101C5
:10487000030019AED1013C001900D20141000B42E6
:10488000D20102001945D20100000EE0D20113004E
:104890001900D30156000E60D30118000800D4019E
:1048A0001900041AD40119000834D4011900044E67
:1048B000D40106000456D40111000868D40119007F
:1048C0000482D4011900089CD4010000089ED40180
:1048D000010008A2D401000008A5D401010008A924
:1048E000D401030008AED401070004B6D4010300CC
:1048F00004BBD401000004BDD401060004C5D401EA
:104900000A0008D0D401190004EAD40119000804EF
:10491000D50101000807D5010300080DD5010700E6
:104920000816D5010600041ED50119000838D50166
:104930000100083BD50103000840D50104000846EA
:10494000D5010000084AD50106000452D50119001E
:10495000086CD50119000486D501190008A0D501FD
:10496000190004BAD501190008D4D501190004EEC4
:10497000D50119000808D60119000422D601190032
:10498000083CD60119000456D60119000870D6015A
:104990001900048AD6011B0008A8D601180018C106
:1049A000D601000004C2D601180018DBD6010000B1
:1049B00004DCD601050008E2D601180018FBD60178
:1049C000000004FCD60118001815D70100000416D9
:1049D000D7010500081CD70118001835D7010000C1
:1049E0000436D7011800184FD70100000450D70132
:1049F00005000856D7011800186FD7010000047091
:104A0000D70118001889D7010000048AD7010500D2
:104A10000890D701180018A9D701000004AAD701EF
:104A2000180018C3D701000004C4D701050008CA44
:104A3000D701000004CBD70100000CCED701310014
:104A40001900D801FF010B00DA0136001937DA012D
:104A500003000B3BDA013100196DDA0107000B7519
:104A6000DA0100001976DA010D000B84DA0100008A
:104A70001985DA0101001487DA0104000B9BDA01C1
:104A800004000BA1DA010E000400DF010900060A90
:104A9000DF010000040BDF0113000B00E001060042
:104AA0000B08E00110000B1BE00106000B23E001E6
:104AB00001000B26E00104000600E1012C000B3090
:104AC000E10106000537E10106000C40E1010900A3
:104AD000064EE1010000194FE10100000690E201DD
:104AE0001D000BAEE201000006C0E2012B000BEC42
:104AF000E20103000CF0E201090016FFE2010000F0
:104B000006E0E701060006E8E701030006EDE7011D
:104B1000010006F0E7010E000600E801C4000EC720
:104B2000E80108000BD0E80106000300E90143009A
:104B30000B44E9010600054BE90100000C50E901B6
:104B40000900145EE90101000E71EC013A0019AC94
:104B5000EC0100000EADEC01020016B0EC0100000B
:104B60000EB1EC0103000E01ED012C00192EED0138
:104B700000000E2FED010E000600EE0103000605F9
:104B8000EE011A000621EE0101000624EE010000EC
:104B90000627EE0100000629EE0109000634EE01A9
:104BA00003000639EE010000063BEE01000006425C
:104BB000EE0100000647EE0100000649EE0100008C
:104BC000064BEE010000064DEE0102000651EE011B
:104BD00001000654EE0100000657EE0100000659E0
:104BE000EE010000065BEE010000065DEE01000034
:104BF000065FEE0100000661EE0101000664EE01B1
:104C000000000667EE010300066CEE010600067464
:104C1000EE0103000679EE010300067EEE010000BE
:104C20000680EE010900068BEE01100006A1EE01E0
:104C3000020006A5EE01040006ABEE01100018F01C
:104C4000EE0101001900F0012B001930F0016300A2
:104C500019A0F0010E0019B1F0010E0019C1F00108
:104C60000E0019D1F00124000E00F1010C00190D05
:104C7000F101A00019E6F1011C001910F2012B004E
:104C80001940F20108001950F20101001960F20107
:104C900005001900F301FA0017FBF30104001900E5
:104CA000F401D70219DDF6010F0019F0F6010C002E
:104CB0001900F70173001980F701580019E0F70196
:104CC0000B0019F0F70100001900F8010B00191092
:104CD000F80137001950F80109001960F8012700A0
:104CE0001990F8011D0019B0F80101001900F9012F
:104CF00053011960FA010D001970FA0104001978C6
:104D0000FA0104001980FA0106001990FA011C004A
:104D100019B0FA010A0019C0FA01050019D0FA0108
:104D2000090019E0FA01070019F0FA01060019005C
:104D3000FB0192001994FB0136000CF0FB01090005
:104D400006000002DFA60600A70238100640B702E0
:104D5000DD000620B802811606B0CE02301D060026
:104D6000F8021D02060000034A130101000E0000B4
:104D70000120000E5F000B00010EEF000C5F104ED3
:104D8000154E2A4E314E364E3C4E3F4E424E564EFA
:104D9000584E824E854E6B8C8A4E12820D5F8E4E1F
:104DA0009E4E9F4EA04EA24EB04EB34EB64ECE4E2D
:104DB000CD4EC44EC64EC24ED74EDE4EED4EDF4EE9
:104DC000F74E094F5A4F304F5B4F5D4F574F474F8C
:104DD000764F884F8F4F984F7B4F694F704F914F51
:104DE0006F4F864F964F1851D44FDF4FCE4FD84F4D
:104DF000DB4FD14FDA4FD04FE44FE54F1A502850D8
:104E000014502A50255005501C4FF64F2150295060
:104E10002C50FE4FEF4F1150065043504750036740
:104E20005550505048505A5056506C507850805001
:104E30009A508550B450B250C950CA50B350C25065
:104E4000D650DE50E550ED50E350EE50F950F5509D
:104E50000951015102511651155114511A51215144
:104E60003A5137513C513B513F51405152514C51B5
:104E700054516251F87A69516A516E518051825190
:104E8000D8568C5189518F519151935195519651CA
:104E9000A451A651A251A951AA51AB51B351B1513C
:104EA000B251B051B551BD51C551C951DB51E0515D
:104EB0005586E951ED51F051F551FE5104520B5216
:104EC00014520E5227522A522E52335239524F52F6
:104ED00044524B524C525E5254526A52745269526E
:104EE00073527F527D528D52945292527152885217
:104EF0009152A88FA78FAC52AD52BC52B552C1523D
:104F0000CD52D752DE52E352E652ED98E052F352C0
:104F1000F552F852F9520653085338750D53105391
:104F20000F5315531A5323532F53315333533853BD
:104F3000405346534553174E49534D53D6515E5334
:104F400069536E5318597B53775382539653A0532A
:104F5000A653A553AE53B053B653C353127CD99640
:104F6000DF53FC66EE71EE53E853ED53FA530154F0
:104F70003D5440542C542D543C542E5436542954F2
:104F80001D544E548F5475548E545F54715477543D
:104F9000705492547B548054765484549054865464
:104FA000C754A254B854A554AC54C454C854A854BB
:104FB000AB54C254A454BE54BC54D854E554E65423
:104FC0000F551455FD54EE54ED54FA54E25439552E
:104FD000405563554C552E555C55455556555755BE
:104FE000385533555D5599558055AF548A559F5561
:104FF0007B557E5598559E55AE557C558355A95584
:105000008755A855DA55C555DF55C455DC55E455C7
:10501000D4551456F7551656FE55FD551B56F955E1
:105020004E565056DF7134563656325638566B56F9
:1050300064562F566C566A56865680568A56A05627
:1050400094568F56A556AE56B656B456C256BC5652
:10505000C156C356C056C856CE56D156D356D7564B
:10506000EE56F9560057FF560457095708570B5785
:105070000D57135718571657C7551C5726573757EC
:1050800038574E573B5740574F576957C057885767
:1050900061577F5789579357A057B357A457AA57BB
:1050A000B057C357C657D457D257D3570A58D657B5
:1050B000E3570B5819581D587258215862584B58CD
:1050C0007058C06B52583D5879588558B9589F58F8
:1050D000AB58BA58DE58BB58B858AE58C558D35814
:1050E000D158D758D958D858E558DC58E458DF5823
:1050F000EF58FA58F958FB58FC58FD5802590A590C
:1051000010591B59A66825592C592D59325938590F
:105110003E59D27A555950594E595A59585962598F
:10512000605967596C596959785981599D595E4F31
:10513000AB4FA359B259C659E859DC598D59D959C1
:10514000DA59255A1F5A115A1C5A095A1A5A405AE2
:105150006C5A495A355A365A625A6A5A9A5ABC5A3D
:10516000BE5ACB5AC25ABD5AE35AD75AE65AE95ADE
:10517000D65AFA5AFB5A0C5B0B5B165B325BD05A61
:105180002A5B365B3E5B435B455B405B515B555B3B
:105190005A5B5B5B655B695B705B735B755B785BE4
:1051A00088657A5B805B835BA65BB85BC35BC75B30
:1051B000C95BD45BD05BE45BE65BE25BDE5BE55B3B
:1051C000EB5BF05BF65BF35B055C075C085C0D5C1E
:1051D000135C205C225C285C385C395C415C465C7A
:1051E0004E5C535C505C4F5C715B6C5C6E5C624E01
:1051F000765C795C8C5C915C945C9B59AB5CBB5C31
:10520000B65CBC5CB75CC55CBE5CC75CD95CE95C89
:10521000FD5CFA5CED5C8C5DEA5C0B5D155D175D19
:105220005C5D1F5D1B5D115D145D225D1A5D195D86
:10523000185D4C5D525D4E5D4B5D6C5D735D765DE2
:10524000875D845D825DA25D9D5DAC5DAE5DBD5D93
:10525000905DB75DBC5DC95DCD5DD35DD25DD65D52
:10526000DB5DEB5DF25DF55D0B5E1A5E195E115E56
:105270001B5E365E375E445E435E405E4E5E575E4A
:10528000545E5F5E625E645E475E755E765E7A5E09
:10529000BC9E7F5EA05EC15EC25EC85ED05ECF5E19
:1052A000D65EE35EDD5EDA5EDB5EE25EE15EE85E18
:1052B000E95EEC5EF15EF35EF05EF45EF85EFE5E6B
:1052C000035F095F5D5F5C5F0B5F115F165F295FC6
:1052D0002D5F385F415F485F4C5F4E5F2F5F515FCE
:1052E000565F575F595F615F6D5F735F775F835F85
:1052F000825F7F5F8A5F885F915F875F9E5F995F54
:10530000985FA05FA85FAD5FBC5FD65FFB5FE45FA7
:10531000F85FF15FDD5FB360FF5F2160606019607F
:10532000106029600E6031601B6015602B60266084
:105330000F603A605A6041606A6077605F604A60FF
:1053400046604D6063604360646042606C606B60A7
:10535000596081608D60E76083609A6084609B60C3
:10536000966097609260A7608B60E160B860E060D3
:10537000D360B460F05FBD60C660B560D8604D6159
:1053800015610661F660F7600061F460FA60036120
:105390002161FB60F1600D610E6147613E61286132
:1053A00027614A613F613C612C6134613D6142612A
:1053B000446173617761586159615A616B617461CD
:1053C0006F61656171615F615D6153617561996173
:1053D00096618761AC6194619A618A619161AB6108
:1053E000AE61CC61CA61C961F761C861C361C66160
:1053F000BA61CB61797FCD61E661E361F661FA6103
:10540000F461FF61FD61FC61FE6100620862096296
:105410000D620C6214621B621E6221622A622E629D
:1054200030623262336241624E625E6263625B622C
:10543000606268627C62826289627E62926293626A
:105440009662D46283629462D762D162BB62CF6299
:10545000FF62C662D464C862DC62CC62CA62C262A5
:10546000C7629B62C9620C63EE62F16227630263EA
:105470000863EF62F56250633E634D631C644F63E3
:1054800096638E638063AB637663A3638F63896384
:105490009F63B5636B636963BE63E963C063C6639F
:1054A000E363C963D263F663C46316643464066459
:1054B0001364266436641D65176428640F6467648A
:1054C0006F6476644E642A6595649364A564A964E8
:1054D0008864BC64DA64D264C564C764BB64D8649D
:1054E000C264F164E7640982E064E164AC62E3648D
:1054F000EF642C65F664F464F264FA640065FD649C
:1055000018651C650565246523652B65346535655F
:105510003765366538654B754865566555654D6523
:1055200058655E655D6572657865826583658A8BA1
:105530009B659F65AB65B765C365C665C165C46599
:10554000CC65D265DB65D965E065E165F1657267BB
:105550000A660366FB6573673566366634661C66E5
:105560004F664466496641665E665D666466676668
:1055700068665F6662667066836688668E66896640
:10558000846698669D66C166B966C966BE66BC6675
:10559000C466B866D666DA66E0663F66E666E966C1
:1055A000F066F566F7660F6716671E67266727675A
:1055B00038972E673F6736674167386737674667B2
:1055C0005E67606759676367646789677067A96723
:1055D0007C676A678C678B67A667A1678567B76713
:1055E000EF67B467EC67B367E967B867E467DE67DE
:1055F000DD67E267EE67B967CE67C667E7679C6AF3
:105600001E684668296840684D6832684E68B3680D
:105610002B685968636877687F689F688F68AD6892
:1056200094689D689B688368AE6AB9687468B56859
:10563000A068BA680F698D687E680169CA680869E0
:10564000D86822692669E1680C69CD68D468E76882
:10565000D568366912690469D768E3682569F9680D
:10566000E068EF6828692A691A6923692169C668B0
:10567000796977695C6978696B6954697E696E6973
:10568000396974693D695969306961695E695D6943
:1056900081696A69B269AE69D069BF69C169D36954
:1056A000BE69CE69E85BCA69DD69BB69C369A76980
:1056B0002E6A9169A0699C699569B469DE69E86997
:1056C000026A1B6AFF690A6BF969F269E769056A90
:1056D000B1691E6AED69146AEB690A6A126AC16AE5
:1056E000236A136A446A0C6A726A366A786A476A7D
:1056F000626A596A666A486A386A226A906A8D6A7A
:10570000A06A846AA26AA36A976A1786BB6AC36A98
:10571000C26AB86AB36AAC6ADE6AD16ADF6AAA6A28
:10572000DA6AEA6AFB6A056B1686FA6A126B166B0E
:10573000319B1F6B386B376BDC76396BEE98476BA0
:10574000436B496B506B596B546B5B6B5F6B616B5D
:10575000786B796B7F6B806B846B836B8D6B986BD5
:10576000956B9E6BA46BAA6BAB6BAF6BB26BB16BA3
:10577000B36BB76BBC6BC66BCB6BD36BDF6BEC6B7C
:10578000EB6BF36BEF6BBE9E086C136C146C1B6CB5
:10579000246C236C5E6C556C626C6A6C826C8D6CD4
:1057A0009A6C816C9B6C7E6C686C736C926C906C68
:1057B000C46CF16CD36CBD6CD76CC56CDD6CAE6C1D
:1057C000B16CBE6CBA6CDB6CEF6CD96CEA6C1F6DA3
:1057D0004D88366D2B6D3D6D386D196D356D336DA2
:1057E000126D0C6D636D936D646D5A6D796D596DAD
:1057F0008E6D956DE46F856DF96D156E0A6EB56DE4
:10580000C76DE66DB86DC66DEC6DDE6DCC6DE86D87
:10581000D26DC56DFA6DD96DE46DD56DEA6DEE6D25
:105820002D6E6E6E2E6E196E726E5F6E3E6E236EF4
:105830006B6E2B6E766E4D6E1F6E436E3A6E4E6EB5
:10584000246EFF6E1D6E386E826EAA6E986EC96EE3
:10585000B76ED36EBD6EAF6EC46EB26ED46ED56EC3
:105860008F6EA56EC26E9F6E416F116F4C70EC6EA5
:10587000F86EFE6E3F6FF26E316FEF6E326FCC6E70
:105880003E6F136FF76E866F7A6F786F816F806FE0
:105890006F6F5B6FF36F6D6F826F7C6F586F8E6F82
:1058A000916FC26F666FB36FA36FA16FA46FB96F73
:1058B000C66FAA6FDF6FD56FEC6FD46FD86FF16FC3
:1058C000EE6FDB6F09700B70FA6F117001700F7063
:1058D000FE6F1B701A70746F1D7018701F7030701F
:1058E0003E7032705170637099709270AF70F17049
:1058F000AC70B870B370AE70DF70CB70DD70D97003
:105900000971FD701C71197165715571887166712D
:1059100062714C7156716C718F71FB7184719571EC
:10592000A871AC71D771B971BE71D271C971D471DE
:10593000CE71E071EC71E771F571FC71F971FF7175
:105940000D7210721B7228722D722C7230723272AC
:105950003B723C723F72407246724B725872747264
:105960007E7282728172877292729672A272A7722E
:10597000B972B272C372C672C472CE72D272E2725D
:10598000E072E172F972F7720F5017730A731C73A9
:1059900016731D7334732F73297325733E734E73FF
:1059A0004F73D89E57736A73687370737873757387
:1059B0007B737A73C873B373CE73BB73C073E573B1
:1059C000EE73DE73A27405746F742574F873327409
:1059D0003A7455743F745F74597441745C7469749B
:1059E000707463746A7476747E748B749E74A77416
:1059F000CA74CF74D474F173E074E374E774E97417
:105A0000EE74F274F074F174F874F774047503753D
:105A100005750C750E750D75157513751E75267546
:105A20002C753C7544754D754A7549755B754675A1
:105A30005A756975647567756B756D75787576756A
:105A40008675877574758A758975827594759A756A
:105A50009D75A575A375C275B375C375B575BD750F
:105A6000B875BC75B175CD75CA75D275D975E37544
:105A7000DE75FE75FF75FC750176F075FA75F275C9
:105A8000F3750B760D7609761F76277620762176CC
:105A900022762476347630763B764776487646769C
:105AA0005C76587661766276687669766A7667762D
:105AB0006C7670767276767678767C76807683767B
:105AC00088768B768E769676937699769A76B07679
:105AD000B476B876B976BA76C276CD76D676D27600
:105AE000DE76E176E576E776EA762F86FB7608774E
:105AF00007770477297724771E77257726771B7712
:105B00003777387747775A7768776B775B7765773A
:105B10007F777E7779778E778B779177A0779E776F
:105B2000B077B677B977BF77BC77BD77BB77C777E4
:105B3000CD77D777DA77DC77E377EE77FC770C7879
:105B40001278267920782A7945788E787478867844
:105B50007C789A788C78A378B578AA78AF78D17861
:105B6000C678CB78D478BE78BC78C578CA78EC781B
:105B7000E778DA78FD78F47807791279117919796C
:105B80002C792B794079607957795F795A795579F1
:105B900053797A797F798A799D79A7794B9FAA7908
:105BA000AE79B379B979BA79C979D579E779EC79E8
:105BB000E179E379087A0D7A187A197A207A1F7ACE
:105BC0008079317A3B7A3E7A377A437A577A497AC2
:105BD000617A627A697A9D9F707A797A7D7A887A19
:105BE000977A957A987A967AA97AC87AB07AB67AB4
:105BF000C57AC47ABF7A8390C77ACA7ACD7ACF7AC7
:105C0000D57AD37AD97ADA7ADD7AE17AE27AE67AE3
:105C1000ED7AF07A027B0F7B0A7B067B337B187B65
:105C2000197B1E7B357B287B367B507B7A7B047B04
:105C30004D7B0B7B4C7B457B757B657B747B677BEE
:105C4000707B717B6C7B6E7B9D7B987B9F7B8D7B60
:105C50009C7B9A7B8B7B927B8F7B5D7B997BCB7BC9
:105C6000C17BCC7BCF7BB47BC67BDD7BE97B117CAE
:105C7000147CE67BE57B607C007C077C137CF37BFB
:105C8000F77B177C0D7CF67B237C277C2A7C1F7C92
:105C9000377C2B7C3D7C4C7C437C547C4F7C407C13
:105CA000507C587C5F7C647C567C657C6C7C757C0D
:105CB000837C907CA47CAD7CA27CAB7CA17CA87C0A
:105CC000B37CB27CB17CAE7CB97CBD7CC07CC57C35
:105CD000C27CD87CD27CDC7CE27C3B9BEF7CF27C7F
:105CE000F47CF67CFA7C067D027D1C7D157D0A7DA8
:105CF000457D4B7D2E7D327D3F7D357D467D737D9F
:105D0000567D4E7D727D687D6E7D4F7D637D937D7A
:105D1000897D5B7D8F7D7D7D9B7DBA7DAE7DA37D05
:105D2000B57DC77DBD7DAB7D3D7EA27DAF7DDC7D3C
:105D3000B87D9F7DB07DD87DDD7DE47DDE7DFB7D02
:105D4000F27DE17D057E0A7E237E217E127E317EFC
:105D50001F7E097E0B7E227E467E667E3B7E357EE2
:105D6000397E437E377E327E3A7E677E5D7E567E0A
:105D70005E7E597E5A7E797E6A7E697E7C7E7B7EDF
:105D8000837ED57D7D7EAE8F7F7E887E897E8C7E74
:105D9000927E907E937E947E967E8E7E9B7E9C7E6F
:105DA000387F3A7F457F4C7F4D7F4E7F507F517FBC
:105DB000557F547F587F5F7F607F687F697F677FF3
:105DC000787F827F867F837F887F877F8C7F947FA9
:105DD0009E7F9D7F9A7FA37FAF7FB27FB97FAE7F8B
:105DE000B67FB87F718BC57FC67FCA7FD57FD47FD2
:105DF000E17FE67FE97FF37FF97FDC98068004800E
:105E00000B801280188019801C80218028803F80A0
:105E10003B804A804680528058805A805F806280F2
:105E20006880738072807080768079807D807F80CA
:105E30008480868085809B8093809A80AD809051FD
:105E4000AC80DB80E580D980DD80C480DA80D680BC
:105E50000981EF80F1801B81298123812F814B8172
:105E60008B9646813E8153815181FC8071816E8188
:105E7000658166817481838188818A818081828144
:105E8000A0819581A481A3815F819381A981B08143
:105E9000B581BE81B881BD81C081C281BA81C9810D
:105EA000CD81D181D981D881C881DA81DF81E0813A
:105EB000E781FA81FB81FE810182028205820782ED
:105EC0000A820D821082168229822B8238823382C6
:105ED0004082598258825D825A825F8264826282E5
:105EE00068826A826B822E827182778278827E8259
:105EF0008D829282AB829F82BB82AC82E182E382FE
:105F0000DF82D282F482F382FA8293830383FB825C
:105F1000F982DE820683DC820983D9823583348369
:105F200016833283318340833983508345832F83A3
:105F30002B831783188385839A83AA839F83A283E5
:105F4000968323838E8387838A837C83B58373833D
:105F50007583A0838983A883F4831384EB83CE8322
:105F6000FD830384D8830B84C183F7830784E08394
:105F7000F2830D8422842084BD8338840685FB83CC
:105F80006D842A843C845A85848477846B84AD84B0
:105F90006E848284698446842C846F8479843584F9
:105FA000CA846284B984BF849F84D984CD84BB842D
:105FB000DA84D084C184C684D684A1842185FF84F8
:105FC000F484178518852C851F8515851485FC8418
:105FD0004085638558854885418502864B85558572
:105FE0008085A485888591858A85A8856D85948519
:105FF0009B85EA8587859C8577857E859085C98583
:10600000BA85CF85B985D085D585DD85E585DC85E3
:10601000F9850A8613860B86FE85FA850686228612
:106020001A8630863F864D86554E54865F86678633
:1060300071869386A386A986AA868B868C86B68669
:10604000AF86C486C686B086C9862388AB86D486CA
:10605000DE86E986EC86DF86DB86EF86128706879A
:10606000088700870387FB86118709870D87F986D4
:106070000A8734873F8737873B87258729871A8791
:1060800060875F8778874C874E87748757876887D4
:106090006E875987538763876A870588A2879F879A
:1060A0008287AF87CB87BD87C087D087D696AB87DF
:1060B000C487B387C787C687BB87EF87F287E08728
:1060C0000F880D88FE87F687F7870E88D28711889C
:1060D000168815882288218831883688398827884B
:1060E0003B8844884288528859885E8862886B88D9
:1060F00081887E889E8875887D88B5887288828828
:1061000097889288AE889988A2888D88A488B0885C
:10611000BF88B188C388C488D488D888D988DD88E6
:10612000F9880289FC88F488E888F28804890C8957
:106130000A89138943891E8925892A892B894189DE
:1061400044893B89368938894C891D8960895E89F3
:10615000668964896D896A896F89748977897E897E
:10616000838988898A8993899889A189A989A68937
:10617000AC89AF89B289BA89BD89BF89C089DA89FA
:10618000DC89DD89E789F489F889038A168A108A0F
:106190000C8A1B8A1D8A258A368A418A5B8A528A22
:1061A000468A488A7C8A6D8A6C8A628A858A828A53
:1061B000848AA88AA18A918AA58AA68A9A8AA38AA9
:1061C000C48ACD8AC28ADA8AEB8AF38AE78AE48AA9
:1061D000F18A148BE08AE28AF78ADE8ADB8A0C8BEA
:1061E000078B1A8BE18A168B108B178B208B338BC6
:1061F000AB97268B2B8B3E8B288B418B4C8B4F8BFD
:106200004E8B498B568B5B8B5A8B6B8B5F8B6C8B5E
:106210006F8B748B7D8B808B8C8B8E8B928B938B07
:10622000968B998B9A8B3A8C418C3F8C488C4C8CFA
:106230004E8C508C558C628C6C8C788C7A8C828CC9
:10624000898C858C8A8C8D8C8E8C948C7C8C988C93
:106250001D62AD8CAA8CBD8CB28CB38CAE8CB68C0E
:10626000C88CC18CE48CE38CDA8CFD8CFA8CFB8CB2
:10627000048D058D0A8D078D0F8D0D8D108D4E9F10
:10628000138DCD8C148D168D678D6D8D718D738DE5
:10629000818D998DC28DBE8DBA8DCF8DDA8DD68DC3
:1062A000CC8DDB8DCB8DEA8DEB8DDF8DE38DFC8D81
:1062B000088E098EFF8D1D8E1E8E108E1F8E428EB3
:1062C000358E308E348E4A8E478E498E4C8E508E4F
:1062D000488E598E648E608E2A8E638E558E768E91
:1062E000728E7C8E818E878E858E848E8B8E8A8E2A
:1062F000938E918E948E998EAA8EA18EAC8EB08E36
:10630000C68EB18EBE8EC58EC88ECB8EDB8EE38ED2
:10631000FC8EFB8EEB8EFE8E0A8F058F158F128FF3
:10632000198F138F1C8F1F8F1B8F0C8F268F338F0E
:106330003B8F398F458F428F3E8F4C8F498F468FD1
:106340004E8F578F5C8F628F638F648F9C8F9F8F70
:10635000A38FAD8FAF8FB78FDA8FE58FE28FEA8F84
:10636000EF8F8790F48F0590F98FFA8F1190159029
:1063700021900D901E9016900B902790369035909E
:106380003990F88F4F905090519052900E904990C4
:106390003E90569058905E9068906F907690A89638
:1063A000729082907D90819080908A9089908F9059
:1063B000A890AF90B190B590E290E4904862DB90E5
:1063C000029112911991329130914A9156915891BE
:1063D000639165916991739172918B918991829189
:1063E000A291AB91AF91AA91B591B491BA91C0919C
:1063F000C191C991CB91D091D691DF91E191DB917F
:10640000FC91F591F6911E92FF9114922C921592A7
:1064100011925E9257924592499264924892959257
:106420003F924B9250929C92969293929B925A9248
:10643000CF92B992B792E9920F93FA9244932E9326
:10644000199322931A9323933A9335933B935C9336
:1064500060937C936E935693B093AC93AD93949367
:10646000B993D693D793E893E593D893C393DD93E9
:10647000D093C893E4931A941494139403940794B8
:10648000109436942B94359421943A9441945294D8
:1064900044945B94609462945E946A94299270949C
:1064A000759477947D945A947C947E9481947F948F
:1064B000829587958A959495969598959995A095A6
:1064C000A895A795AD95BC95BB95B995BE95CA9570
:1064D000F66FC395CD95CC95D595D495D695DC958D
:1064E000E195E595E295219628962E962F9642966F
:1064F0004C964F964B9677965C965E965D965F9619
:10650000669672966C968D96989695969796AA969C
:10651000A796B196B296B096B496B696B896B99636
:10652000CE96CB96C996CD964D89DC960D97D5968D
:10653000F99604970697089713970E9711970F9758
:106540001697199724972A97309739973D973E9732
:10655000449746974897429749975C976097649706
:1065600066976897D2526B977197799785977C97C2
:1065700081977A9786978B978F9790979C97A897F4
:10658000A697A397B397B497C397C697C897CB9787
:10659000DC97ED974F9FF297DF7AF697F5970F9874
:1065A0000C9838982498219837983D9846984F9899
:1065B0004B986B986F987098719874987398AA9884
:1065C000AF98B198B698C498C398C698E998EB98D4
:1065D0000399099912991499189921991D991E994D
:1065E000249920992C992E993D993E99429949993F
:1065F000459950994B99519952994C995599979918
:106600009899A599AD99AE99BC99DF99DB99DD99D7
:10661000D899D199ED99EE99F199F299FB99F89958
:10662000019A0F9A059AE299199A2B9A379A459AE4
:10663000429A409A439A3E9A559A4D9A5B9A579A33
:106640005F9A629A659A649A699A6B9A6A9AAD9A05
:10665000B09ABC9AC09ACF9AD19AD39AD49ADE9A19
:10666000DF9AE29AE39AE69AEF9AEB9AEE9AF49A14
:10667000F19AF79AFB9A069B189B1A9B1F9B229BE9
:10668000239B259B279B289B299B2A9B2E9B2F9BEB
:10669000329B449B439B4F9B4D9B4E9B519B589BD6
:1066A000749B939B839B919B969B979B9F9BA09B8B
:1066B000A89BB49BC09BCA9BB99BC69BCF9BD19BFD
:1066C000D29BE39BE29BE49BD49BE19B3A9CF29B95
:1066D000F19BF09B159C149C099C139C0C9C069CA4
:1066E000089C129C0A9C049C2E9C1B9C259C249C10
:1066F000219C309C479C329C469C3E9C5A9C609CB2
:10670000679C769C789CE79CEC9CF09C099D089D7E
:10671000EB9C039D069D2A9D269DAF9D239D1F9D5D
:10672000449D159D129D419D3F9D3E9D469D489DCA
:106730005D9D5E9D649D519D509D599D729D899D5D
:10674000879DAB9D6F9D7A9D9A9DA49DA99DB29DAD
:10675000C49DC19DBB9DB89DBA9DC69DCF9DC29D48
:10676000D99DD39DF89DE69DED9DEF9DFD9D1A9EC3
:106770001B9E1E9E759E799E7D9E819E889E8B9EF1
:106780008C9E929E959E919E9D9EA59EA99EB89E32
:10679000AA9EAD9E6197CC9ECE9ECF9ED09ED49E4B
:1067A000DC9EDE9EDD9EE09EE59EE89EEF9EF49ED2
:1067B000F69EF79EF99EFB9EFC9EFD9E079F089FFE
:1067C000B776159F219F2C9F3E9F4A9F529F549FB3
:1067D000639F5F9F609F619F669F679F6C9F6A9F9B
:1067E000779F729F769F959F9C9FA09F2F58C76908
:1067F00059906474DC51997100000042C8801F40B8
:10680000B8821F400800000000000042C4801F4002
:10681000B4821F400400000000C0004224801F40DA
:1068200014821F401000000000C0004228801F405A
:1068300018821F402000000000C000422C801F4032
:106840001C821F404000000000C0004234801F40F6
:1068500024821F40000100000040004264811F406C
:1068600054831F40000400000040004280811F400C
:1068700070831F4000000200004000427C811F40E6
:106880006C831F40000001000040004268811F40EF
:1068900058831F4000080000004000423C811F4018
:1068A0002C831F40010000000040004244811F4033
:1068B00034831F40040000000040004240811F401C
:1068C00030831F40020000000040004248811F400A
:1068D00038831F40080000000000004204811F4070
:1068E000F4821F40000004000000004208811F40A5
:1068F000F8821F40000008000000004218811F407D
:1069000008831F40000080000000004214811F40E7
:1069100004831F40000040000000004200811F402F
:10692000F0821F400000020000000042FC801F4077
:10693000EC821F40000001000000004224811F4043
:1069400014831F40000000040000004228811F4003
:1069500018831F4000000008000000421C811F40F7
:106960000C831F40000000010000004220811F40F6
:1069700010831F400000000200000042EC801F4016
:10698000DC821F400010000000000042F0801F4029
:10699000E0821F40002000000000004234811F40C0
:1069A00024831F40000000400000004238811F4047
:1069B00028831F40000000800080004294801F4018
:1069C00084821F400000040000C0004290801F40ED
:1069D00080821F400000008000800042A8801F408D
:1069E00098821F400000800000800042A4801F4069
:1069F00094821F4000004000004000426C811F4014
:106A00005C831F400010000000C0004230801F4027
:106A100020821F408000000000400042B0811F40E3
:106A2000A0831F400000002000400042AC811F40B6
:106A30009C831F40000000100040004284811F40E2
:106A400074831F40000004000040004288811F4002
:106A500078831F4000000800000000422C811F4086
:106A60001C831F40000000100000004230811F40C6
:106A700020831F4000000020000000420C811F40C6
:106A8000FC821F40000010000000004210811F40E7
:106A900000831F400000200000800042C8811F408A
:106AA000B8831F400080000000800042C4811F4066
:106AB000B4831F400040000000800042C0811F409E
:106AC000B0831F400020000000800042BC811F40B6
:106AD000AC831F400010000000800042D0811F40A6
:106AE000C0831F400000020000800042CC811F4094
:106AF000BC831F400000010000C0004274801F40A2
:106B000064821F400000000100C0004280801F40DE
:106B100070821F400000000800C0004284801F40B7
:106B200074821F400000001000C000426C801F40B3
:106B30005C821F400000400000C000427C801F407B
:106B40006C821F400000000400C0004278801F409B
:106B500068821F400000000200C0004288801F4081
:106B600078821F400000002035000000CEFBFFFFB0
:106B7000CB03000001000000000000003400000012
:106B8000CEFBFFFFCB03000001000000000000006F
:106B90007468727573742C3025642C3125642C3222
:106BA00025642C3325642C3425642C3525642C363F
:106BB00025642C3725642C736572766F302564004C
:106BC00005000000190000007D0000005374617290
:106BD00074696E67000000004C435F434F4C4C41AA
:106BE000544500004C435F43545950450000000099
:106BF0004C435F4D4F4E4554415259004C435F4EFC
:106C0000554D4552494300004C435F54494D4500A2
:106C10004C435F4D4553534147455300000100002D
:106C2000CC8100201200000000060000FC21006062
:106C30000A000000000200009821006062000000CD
:106C4000000700003421006062000000EE03000035
:106C50000884002012000000000004EEE083002001
:106C60002800000000030000302100600000000048
:106C70000103090418210060000000000203090458
:106C80000021006000000000030309041C840020B0
:106C900000000000000000000000000000000000F4
:106CA00030303030303030303030303030303030E4
:106CB00030303030303030303030303030303030D4
:106CC00000000000000000001C8F0020848F0020C6
:106CD000EC8F002000000000000000000000000019
:106CE00000000000000000000000000000000000A4
:106CF0000000000000000000000000000000000094
:106D00000000000000000000000000000000000083
:106D10000000000000000000000000000000000073
:106D20000000000000000000000000000000000063
:106D30000000000000000000000000000000000053
:106D40000000000000000000000000000000000043
:106D50000000000000000000000000000100000032
:106D6000000000000E33CDAB34126DE6ECDE050002
:106D70000B00000000000000000000000000000008
:106D80000000000000000000000000000000000003
:106D900000000000000000000000000000000000F3
:106DA00000000000000000000000000000000000E3
:106DB00000000000000000000000000000000000D3
:106DC00000000000000000000000000000000000C3
:106DD00000000000000000000000000000000000B3
:106DE000000000000029DE07007B9A17DC0300206A
:106DF00000000000E8030000000000000404002080
:106E000000000000E80300000000000000003F4018
:106E1000B020006000000000000000000000000042
:106E20000000000000000000000000000000000062
:106E30000000000000000000000000000000000052
:106E40000000000000000000000000000000000042
:106E50000000000000000000000000000000000032
:106E60000000000000000000000000000000000022
:106E70000000000000000000000000000000000012
:106E80000000000000000000000000000000000002
:106E900000000000000000000000000000000000F2
:106EA00000000000000000000000000000000000E2
:106EB00000000000000000000000000000000000D2
:106EC00000000000000000000000000000000000C2
:106ED00000000000000000000000000000000000B2
:106EE00000000000000000000000000000000000A2
:106EF0000000000000000000000000000000000092
:106F00000000000000000000000000000000000081
:106F10000000000000000000000000000000000071
:106F20000000000000000000000000000000000061
:106F30000000000000000000000000000404002029
:106F400000000000E80300000000000000803F4057
:106F50006020006000000000000000000000000051
:106F60000000000000000000000000000000000021
:106F70000000000000000000000000000000000011
:106F80000000000000000000000000000000000001
:106F900000000000000000000000000000000000F1
:106FA00000000000000000000000000000000000E1
:106FB00000000000000000000000000000000000D1
:106FC00000000000000000000000000000000000C1
:106FD00000000000000000000000000000000000B1
:106FE00000000000000000000000000000000000A1
:106FF0000000000000000000000000000000000091
:107000000000000000000000000000000000000080
:107010000000000000000000000000000000000070
:107020000000000000000000000000000000000060
:107030000000000000000000000000000000000050
:107040000000000000000000000000000000000040
:107050000000000000000000000000000000000030
:107060000000000000000000000000000000000020
:1070700000000000000000000000000004040020E8
:1070800000000000E80300000000000000C03F40D6
:107090001020006000000000000000000000000060
:1070A00000000000000000000000000000000000E0
:1070B00000000000000000000000000000000000D0
:1070C00000000000000000000000000000000000C0
:1070D00000000000000000000000000000000000B0
:1070E00000000000000000000000000000000000A0
:1070F0000000000000000000000000000000000090
:10710000000000000000000000000000000000007F
:10711000000000000000000000000000000000006F
:10712000000000000000000000000000000000005F
:10713000000000000000000000000000000000004F
:10714000000000000000000000000000000000003F
:10715000000000000000000000000000000000002F
:10716000000000000000000000000000000000001F
:10717000000000000000000000000000000000000F
:1071800000000000000000000000000000000000FF
:1071900000000000000000000000000000000000EF
:1071A00000000000000000000000000000000000DF
:1071B00000000000000000000000000000000000CF
:1071C00080000000FFFFFFFFDC8E002080302020C9
:1071D000000000004300000000000000000000006C
:1071E000000000000000000000000000000000009F
:1071F000000000004300000000000000000000004C
:10720000000000000000000000000000000000007E
:10721000000000004300000000000000000000002B
:10722000000000000000000000000000000000005E
:10723000000000004300000000000000000000000B
:10724000000000000000000000000000000000003E
:1072500000000000430000000000000000000000EB
:10726000000000000000000000000000000000001E
:1072700000000000430000000000000000000000CB
:1072800000000000000000000000000000000000FE
:1072900000000000430000000000000000000000AB
:1072A00000000000000000000000000000000000DE
:1072B00000000000B1650000115B0000000000004C
:1072C0004C060020D00700203C0400203C04002095
:1072D0003C0400203C0400203C0400203C0400202E
:1072E0003C0400203C0400203C040020FFFFFFFF82
:1072F000FFFFFFFFFFFFFFFFFFFF00000100415303
:1073000043494900000000000000000000000000A8
:1073100000000000000000000000000000004153D9
:107320004349490000000000000000000000000088
:10733000000000000000000000000000000000004D
:107340000000000000000000AC7D0020AC7D0020AB
:10735000B47D0020B47D0020BC7D0020BC7D0020D9
:10736000C47D0020C47D0020CC7D0020CC7D002089
:10737000D47D0020D47D0020DC7D0020DC7D002039
:10738000E47D0020E47D0020EC7D0020EC7D0020E9
:10739000F47D0020F47D0020FC7D0020FC7D002099
:1073A000047E0020047E00200C7E00200C7E002045
:1073B000147E0020147E00201C7E00201C7E0020F5
:1073C000247E0020247E00202C7E00202C7E0020A5
:1073D000347E0020347E00203C7E00203C7E002055
:1073E000447E0020447E00204C7E00204C7E002005
:1073F000547E0020547E00205C7E00205C7E0020B5
:10740000647E0020647E00206C7E00206C7E002064
:10741000747E0020747E00207C7E00207C7E002014
:10742000847E0020847E00208C7E00208C7E0020C4
:10743000947E0020947E00209C7E00209C7E002074
:10744000A47E0020A47E0020AC7E0020AC7E002024
:10745000B47E0020B47E0020BC7E0020BC7E0020D4
:10746000C47E0020C47E0020CC7E0020CC7E002084
:10747000D47E0020D47E0020DC7E0020DC7E002034
:10748000E47E0020E47E0020EC7E0020EC7E0020E4
:10749000F47E0020F47E0020FC7E0020FC7E002094
:1074A000047F0020047F00200C7F00200C7F002040
:1074B000147F0020147F00201C7F00201C7F0020F0
:1074C000247F0020247F00202C7F00202C7F0020A0
:1074D000347F0020347F00203C7F00203C7F002050
:1074E000447F0020447F00204C7F00204C7F002000
:1074F000547F0020547F00205C7F00205C7F0020B0
:10750000647F0020647F00206C7F00206C7F00205F
:10751000747F0020747F00207C7F00207C7F00200F
:10752000847F0020847F00208C7F00208C7F0020BF
:10753000947F0020947F00209C7F00209C7F00206F
:10754000A47F0020A47F0020AC7F0020AC7F00201F
:10755000B47F0020B47F0020BC7F0020BC7F0020CF
:10756000C47F0020C47F0020CC7F0020CC7F00207F
:10757000D47F0020D47F0020DC7F0020DC7F00202F
:10758000E47F0020E47F0020EC7F0020EC7F0020DF
:10759000F47F0020F47F0020FC7F0020FC7F00208F
:1075A00004800020048000200C8000200C8000203B
:1075B00014800020148000201C8000201C800020EB
:1075C00024800020248000202C8000202C8000209B
:1075D00034800020348000203C8000203C8000204B
:1075E00044800020448000204C8000204C800020FB
:1075F00054800020548000205C8000205C800020AB
:1076000064800020648000206C8000206C8000205A
:1076100074800020748000207C8000207C8000200A
:1076200084800020848000208C8000208C800020BA
:1076300094800020948000209C8000209C8000206A
:10764000A4800020A4800020AC800020AC8000201A
:10765000B4800020B4800020BC800020BC800020CA
:10766000C4800020C4800020CC800020CC8000207A
:10767000D4800020D4800020DC800020DC8000202A
:10768000E4800020E4800020EC800020EC800020DA
:10769000F4800020F4800020FC800020FC8000208A
:1076A00004810020048100200C8100200C81002036
:1076B00014810020148100201C8100201C810020E6
:1076C00024810020248100202C8100202C81002096
:1076D00034810020348100203C8100203C81002046
:1076E00044810020448100204C8100204C810020F6
:1076F00054810020548100205C8100205C810020A6
:1077000064810020648100206C8100206C81002055
:1077100074810020748100207C8100207C81002005
:1077200084810020848100208C8100208C810020B5
:1077300094810020948100209C8100209C81002065
:10774000A4810020A4810020FFFFFFFF00000200B1
:1077500000000000030000001C8F00203077002094
:1077600012010002EF020140C016830480020102F0
:10777000030100009D0E00009D0E00009D0E000004
:107780009D0E00009D0E00009D0E00009D0E00004D
:107790009D0E00009D0E00009D0E00009D0E00003D
:1077A0009D0E00009D0E00009D0E00009D0E00002D
:1077B0009D0E00009D0E00009D0E00009D0E00001D
:1077C0009D0E00009D0E00009D0E00009D0E00000D
:1077D0009D0E00009D0E00009D0E00009D0E0000FD
:1077E0009D0E00009D0E00009D0E00009D0E0000ED
:1077F0009D0E00009D0E00009D0E00009D0E0000DD
:107800009D0E00009D0E00009D0E00009D0E0000CC
:107810009D0E00009D0E00009D0E00009D0E0000BC
:107820009D0E00009D0E00009D0E00009D0E0000AC
:107830009D0E00009D0E00009D0E00009D0E00009C
:107840009D0E00009D0E00009D0E00009D0E00008C
:107850009D0E00009D0E00009D0E00009D0E00007C
:107860009D0E00009D0E00009D0E00009D0E00006C
:107870009D0E00009D0E00009D0E00009D0E00005C
:107880009D0E00009D0E00009D0E00009D0E00004C
:107890009D0E00009D0E00009D0E00009D0E00003C
:1078A0009D0E00009D0E00009D0E00009D0E00002C
:1078B0009D0E00009D0E00009D0E00009D0E00001C
:1078C0009D0E00009D0E00009D0E00009D0E00000C
:1078D0009D0E00009D0E00009D0E00009D0E0000FC
:1078E0009D0E00009D0E00009D0E00009D0E0000EC
:1078F0009D0E00009D0E00009D0E00009D0E0000DC
:107900009D0E00009D0E00009D0E00009D0E0000CB
:107910009D0E00009D0E00009D0E00009D0E0000BB
:107920009D0E00009D0E00009D0E00009D0E0000AB
:107930009D0E00009D0E00009D0E00009D0E00009B
:107940009D0E00009D0E00009D0E00009D0E00008B
:107950009D0E00009D0E00009D0E00009D0E00007B
:107960009D0E00009D0E00009D0E00009D0E00006B
:107970009D0E00002800000000010400010000002E
:1079800000000000020157494E555342000000001C
:1079900000000000000000000000000012034D0085
:1079A000530046005400310030003000F800000061
:1079B0000C030000000000000000000000000000B8
:1079C0000000000000000CFF0000000000000000AC
:1079D00000000000000000000000000000000000A7
:1079E0000000000000000000000000000000000097
:1079F0000000000000000000000000000000000087
:107A00000000000000000000000000000000000076
:107A10000000000000000000000000000000000066
:107A20000000000000000000000000000000000056
:107A30000000000000000000000000000000000046
:107A40000000000000000000000000000000000036
:107A50000000000000000000000000000000000026
:107A60000000000000000000000000000000000016
:107A70000000000000000000000000000000000006
:107A800000000000000000000000000000000000F6
:107A900000000000000000000000000000000000E6
:107AA00000000000000000000000000000000000D6
:107AB00000000000000000000000000000000000C6
:107AC00000000000000000000000000000000000B6
:107AD00000000000000000000000000000000000A6
:107AE0000000000000000000000000000000000096
:107AF0000000000000000000000000000000000086
:107B00000000000000000000000000000000000075
:107B10000000000000000000000000000000000065
:107B20000000000000000000000000000000000055
:107B30000000000000000000000000000000000045
:107B40000000000000000000000000000000000035
:107B50000000000000000000000000000000000025
:107B60000000000000000000000000000000000015
:107B70000000000000000000000000000000000005
:107B800000000000000000000000000000000000F5
:107B900000000000000000000000000000000000E5
:107BA00000000000000000000000000000000000D5
:107BB00000000000000000000000000000000000C5
:107BC00000000000000000000000000000000000B5
:107BD00000000000000000000000000000000000A5
:107BE0000000000000000000000000000000000095
:107BF0000000000000000000000000000000000085
:107C00000000000000000000000000000000000074
:107C10000000000000000000000000000000000064
:107C20000000000000000000000000000000000054
:107C30000000000000000000000000000000000044
:107C40000000000000000000000000000000000034
:107C50000000000000000000000000000000000024
:107C60000000000000000000000000000000000014
:107C70000000000000000000000000000000000004
:107C800000000000000000000000000000000000F4
:107C900000000000000000000000000000000000E4
:107CA00000000000000000000000000000000000D4
:107CB00000000000000000000000000000000000C4
:107CC00000000000000000000000000000000000B4
:107CD00000000000000000000000000000000000A4
:107CE0000000000000000000000000000000000094
:107CF0000000000000000000000000000000000084
:107D00000000000000000000000000000000000073
:107D10000000000000000000000000000000000063
:107D20000000000000000000000000000000000053
:107D30000000000000000000000000000000000043
:107D40000000000000000000000000000000000033
:107D50000000000000000000000000000000000023
:107D60000000000000000000000000000000000013
:107D70000000000000000000000000000000000003
:107D800000000000000000000000000000000000F3
:107D900000000000000000000000000000000000E3
:107DA00000000000000000000000000000000000D3
:107DB00000000000000000000000000000000000C3
:107DC00000000000000000000000000000000000B3
:107DD00000000000000000000000000000000000A3
:107DE0000000000000000000000000000000000093
:107DF0000000000000000000000000000000000083
:107E00000000000000000000000000000000000072
:107E10000000000000000000000000000000000062
:107E20000000000000000000000000000000000052
:107E30000000000000000000000000000000000042
:107E40000000000000000000000000000000000032
:107E50000000000000000000000000000000000022
:107E60000000000000000000000000000000000012
:107E70000000000000000000000000000000000002
:107E800000000000000000000000000000000000F2
:107E900000000000000000000000000000000000E2
:107EA00000000000000000000000000000000000D2
:107EB00000000000000000000000000000000000C2
:107EC00000000000000000000000000000000000B2
:107ED00000000000000000000000000000000000A2
:107EE0000000000000000000000000000000000092
:107EF0000000000000000000000000000000000082
:107F00000000000000000000000000000000000071
:107F10000000000000000000000000000000000061
:107F20000000000000000000000000000000000051
:107F30000000000000000000000000000000000041
:107F40000000000000000000000000000000000031
:107F50000000000000000000000000000000000021
:107F60000000000000000000000000000000000011
:107F70000000000000000000000000000000000001
:107F800000000000000000000000000000000000F1
:107F900000000000000000000000000000000000E1
:107FA00000000000000000000000000000000000D1
:107FB00000000000000000000000000000000000C1
:107FC00000000000000000000000000000000000B1
:107FD00000000000000000000000000000000000A1
:107FE0000000000000000000000000000000000091
:107FF0000000000000000000000000000000000081
:108000000000000000000000000000000000000070
:108010000000000000000000000000000000000060
:108020000000000000000000000000000000000050
:108030000000000000000000000000000000000040
:108040000000000000000000000000000000000030
:04805000000000002C
:10805400FFFFFFFFFFFFFFFFFFFFFFFFFFFFFFFF2C
:10806400FFFFFFFFFFFFFFFFFFFFFFFFFFFFFFFF1C
:10807400FFFFFFFFFFFFFFFFFFFFFFFFFFFFFFFF0C
:10808400FFFFFFFFFFFFFFFFFFFFFFFFFFFFFFFFFC
:10809400FFFFFFFFFFFFFFFFFFFFFFFFFFFFFFFFEC
:1080A400FFFFFFFFFFFFFFFFFFFFFFFFFFFFFFFFDC
:1080B400FFFFFFFFFFFFFFFFFFFFFFFFFFFFFFFFCC
:1080C400FFFFFFFFFFFFFFFFFFFFFFFFFFFFFFFFBC
:1080D400FFFFFFFFFFFFFFFFFFFFFFFFFFFFFFFFAC
:1080E400FFFFFFFFFFFFFFFFFFFFFFFFFFFFFFFF9C
:1080F400FFFFFFFFFFFFFFFFFFFFFFFFFFFFFFFF8C
:10810400FFFFFFFFFFFFFFFFFFFFFFFFFFFFFFFF7B
:10811400FFFFFFFFFFFFFFFFFFFFFFFFFFFFFFFF6B
:10812400FFFFFFFFFFFFFFFFFFFFFFFFFFFFFFFF5B
:10813400FFFFFFFFFFFFFFFFFFFFFFFFFFFFFFFF4B
:10814400FFFFFFFFFFFFFFFFFFFFFFFFFFFFFFFF3B
:10815400FFFFFFFFFFFFFFFFFFFFFFFFFFFFFFFF2B
:10816400FFFFFFFFFFFFFFFFFFFFFFFFFFFFFFFF1B
:10817400FFFFFFFFFFFFFFFFFFFFFFFFFFFFFFFF0B
:10818400FFFFFFFFFFFFFFFFFFFFFFFFFFFFFFFFFB
:10819400FFFFFFFFFFFFFFFFFFFFFFFFFFFFFFFFEB
:1081A400FFFFFFFFFFFFFFFFFFFFFFFFFFFFFFFFDB
:1081B400FFFFFFFFFFFFFFFFFFFFFFFFFFFFFFFFCB
:1081C400FFFFFFFFFFFFFFFFFFFFFFFFFFFFFFFFBB
:1081D400FFFFFFFFFFFFFFFFFFFFFFFFFFFFFFFFAB
:1081E400FFFFFFFFFFFFFFFFFFFFFFFFFFFFFFFF9B
:1081F400FFFFFFFFFFFFFFFFFFFFFFFFFFFFFFFF8B
:10820400FFFFFFFFFFFFFFFFFFFFFFFFFFFFFFFF7A
:10821400FFFFFFFFFFFFFFFFFFFFFFFFFFFFFFFF6A
:10822400FFFFFFFFFFFFFFFFFFFFFFFFFFFFFFFF5A
:10823400FFFFFFFFFFFFFFFFFFFFFFFFFFFFFFFF4A
:10824400FFFFFFFFFFFFFFFFFFFFFFFFFFFFFFFF3A
:10825400FFFFFFFFFFFFFFFFFFFFFFFFFFFFFFFF2A
:10826400FFFFFFFFFFFFFFFFFFFFFFFFFFFFFFFF1A
:10827400FFFFFFFFFFFFFFFFFFFFFFFFFFFFFFFF0A
:10828400FFFFFFFFFFFFFFFFFFFFFFFFFFFFFFFFFA
:10829400FFFFFFFFFFFFFFFFFFFFFFFFFFFFFFFFEA
:1082A400FFFFFFFFFFFFFFFFFFFFFFFFFFFFFFFFDA
:1082B400FFFFFFFFFFFFFFFFFFFFFFFFFFFFFFFFCA
:1082C400FFFFFFFFFFFFFFFFFFFFFFFFFFFFFFFFBA
:1082D400FFFFFFFFFFFFFFFFFFFFFFFFFFFFFFFFAA
:1082E400FFFFFFFFFFFFFFFFFFFFFFFFFFFFFFFF9A
:1082F400FFFFFFFFFFFFFFFFFFFFFFFFFFFFFFFF8A
:10830400FFFFFFFFFFFFFFFFFFFFFFFFFFFFFFFF79
:10831400FFFFFFFFFFFFFFFFFFFFFFFFFFFFFFFF69
:10832400FFFFFFFFFFFFFFFFFFFFFFFFFFFFFFFF59
:10833400FFFFFFFFFFFFFFFFFFFFFFFFFFFFFFFF49
:10834400FFFFFFFFFFFFFFFFFFFFFFFFFFFFFFFF39
:10835400FFFFFFFFFFFFFFFFFFFFFFFFFFFFFFFF29
:10836400FFFFFFFFFFFFFFFFFFFFFFFFFFFFFFFF19
:10837400FFFFFFFFFFFFFFFFFFFFFFFFFFFFFFFF09
:10838400FFFFFFFFFFFFFFFFFFFFFFFFFFFFFFFFF9
:10839400FFFFFFFFFFFFFFFFFFFFFFFFFFFFFFFFE9
:1083A400FFFFFFFFFFFFFFFFFFFFFFFFFFFFFFFFD9
:1083B400FFFFFFFFFFFFFFFFFFFFFFFFFFFFFFFFC9
:1083C400FFFFFFFFFFFFFFFFFFFFFFFFFFFFFFFFB9
:1083D400FFFFFFFFFFFFFFFFFFFFFFFFFFFFFFFFA9
:1083E400FFFFFFFFFFFFFFFFFFFFFFFFFFFFFFFF99
:1083F400FFFFFFFFFFFFFFFFFFFFFFFF0000000085
:108404000000000000000000000000000000000068
:108414000000000000000000000000000000000058
:108424000000000000000000000000000000000048
:108434000000000000000000000000000000000038
:108444000000000000000000000000000000000028
:108454000000000000000000000000000000000018
:108464000000000000000000000000000000000008
:1084740000000000000000000000000000000000F8
:1084840000000000000000000000000000000000E8
:1084940000000000000000000000000000000000D8
:1084A40000000000000000000000000000000000C8
:1084B40000000000000000000000000000000000B8
:1084C40000000000000000000000000000000000A8
:1084D4000000000000000000000000000000000098
:1084E4000000000000000000000000000000000088
:1084F4000000000000000000000000000000000078
:108504000000000000000000000000000000000067
:108514000000000000000000000000000000000057
:108524000000000000000000000000000000000047
:108534000000000000000000000000000000000037
:108544000000000000000000000000000000000027
:108554000000000000000000000000000000000017
:108564000000000000000000000000000000000007
:1085740000000000000000000000000000000000F7
:1085840000000000000000000000000000000000E7
:1085940000000000000000000000000000000000D7
:1085A40000000000000000000000000000000000C7
:1085B40000000000000000000000000000000000B7
:1085C40000000000000000000000000000000000A7
:1085D4000000000000000000000000000000000097
:1085E4000000000000000000000000000000000087
:1085F4000000000000000000000000000000000077
:108604000000000000000000000000000000000066
:108614000000000000000000000000000000000056
:108624000000000000000000000000000000000046
:108634000000000000000000000000000000000036
:108644000000000000000000000000000000000026
:108654000000000000000000000000000000000016
:108664000000000000000000000000000000000006
:1086740000000000000000000000000000000000F6
:1086840000000000000000000000000000000000E6
:1086940000000000000000000000000000000000D6
:1086A40000000000000000000000000000000000C6
:1086B40000000000000000000000000000000000B6
:1086C40000000000000000000000000000000000A6
:1086D4000000000000000000000000000000000096
:1086E4000000000000000000000000000000000086
:1086F4000000000000000000000000000000000076
:108704000000000000000000000000000000000065
:108714000000000000000000000000000000000055
:108724000000000000000000000000000000000045
:108734000000000000000000000000000000000035
:108744000000000000000000000000000000000025
:108754000000000000000000000000000000000015
:108764000000000000000000000000000000000005
:1087740000000000000000000000000000000000F5
:1087840000000000000000000000000000000000E5
:1087940000000000000000000000000000000000D5
:1087A40000000000000000000000000000000000C5
:1087B40000000000000000000000000000000000B5
:1087C40000000000000000000000000000000000A5
:1087D4000000000000000000000000000000000095
:1087E4000000000000000000000000000000000085
:1087F4000000000000000000000000000000000075
:108804000000000000000000000000000000000064
:108814000000000000000000000000000000000054
:108824000000000000000000000000000000000044
:108834000000000000000000000000000000000034
:108844000000000000000000000000000000000024
:108854000000000000000000000000000000000014
:108864000000000000000000000000000000000004
:1088740000000000000000000000000000000000F4
:1088840000000000000000000000000000000000E4
:1088940000000000000000000000000000000000D4
:1088A40000000000000000000000000000000000C4
:1088B40000000000000000000000000000000000B4
:1088C40000000000000000000000000000000000A4
:1088D4000000000000000000000000000000000094
:1088E4000000000000000000000000000000000084
:1088F4000000000000000000000000000000000074
:108904000000000000000000000000000000000063
:108914000000000000000000000000000000000053
:108924000000000000000000000000000000000043
:108934000000000000000000000000000000000033
:108944000000000000000000000000000000000023
:108954000000000000000000000000000000000013
:108964000000000000000000000000000000000003
:1089740000000000000000000000000000000000F3
:1089840000000000000000000000000000000000E3
:1089940000000000000000000000000000000000D3
:1089A40000000000000000000000000000000000C3
:1089B40000000000000000000000000000000000B3
:1089C40000000000000000000000000000000000A3
:1089D4000000000000000000000000000000000093
:1089E4000000000000000000000000000000000083
:1089F4000000000000000000000000000000000073
:108A04000000000000000000000000000000000062
:108A14000000000000000000000000000000000052
:108A24000000000000000000000000000000000042
:108A34000000000000000000000000000000000032
:108A44000000000000000000000000000000000022
:108A54000000000000000000000000000000000012
:108A64000000000000000000000000000000000002
:108A740000000000000000000000000000000000F2
:108A840000000000000000000000000000000000E2
:108A940000000000000000000000000000000000D2
:108AA40000000000000000000000000000000000C2
:108AB40000000000000000000000000000000000B2
:108AC40000000000000000000000000000000000A2
:108AD4000000000000000000000000000000000092
:108AE4000000000000000000000000000000000082
:108AF4000000000000000000000000000000000072
:108B04000000000000000000000000000000000061
:108B14000000000000000000000000000000000051
:108B24000000000000000000000000000000000041
:108B34000000000000000000000000000000000031
:108B44000000000000000000000000000000000021
:108B54000000000000000000000000000000000011
:108B64000000000000000000000000000000000001
:108B740000000000000000000000000000000000F1
:108B840000000000000000000000000000000000E1
:108B940000000000000000000000000000000000D1
:108BA40000000000000000000000000000000000C1
:108BB40000000000000000000000000000000000B1
:108BC40000000000000000000000000000000000A1
:108BD4000000000000000000000000000000000091
:108BE4000000000000000000000000000000000081
:108BF4000000000000000000000000000000000071
:108C04000000000000000000000000000000000060
:108C14000000000000000000000000000000000050
:108C24000000000000000000000000000000000040
:108C34000000000000000000000000000000000030
:108C44000000000000000000000000000000000020
:108C54000000000000000000000000000000000010
:108C64000000000000000000000000000000000000
:108C740000000000000000000000000000000000F0
:108C840000000000000000000000000000000000E0
:108C940000000000000000000000000000000000D0
:108CA40000000000000000000000000000000000C0
:108CB40000000000000000000000000000000000B0
:108CC40000000000000000000000000000000000A0
:108CD4000000000000000000000000000000000090
:108CE4000000000000000000000000000000000080
:108CF4000000000000000000000000000000000070
:108D0400000000000000000000000000000000005F
:108D1400000000000000000000000000000000004F
:108D2400000000000000000000000000000000003F
:108D3400000000000000000000000000000000002F
:108D4400000000000000000000000000000000001F
:108D5400000000000000000000000000000000000F
:108D640000000000000000000000000000000000FF
:108D740000000000000000000000000000000000EF
:108D840000000000000000000000000000000000DF
:108D940000000000000000000000000000000000CF
:108DA40000000000000000000000000000000000BF
:108DB40000000000000000000000000000000000AF
:108DC400000000000000000000000000000000009F
:108DD400000000000000000000000000000000008F
:108DE400000000000000000000000000000000007F
:108DF400000000000000000000000000000000006F
:108E0400000000000000000000000000000000005E
:108E1400000000000000000000000000000000004E
:108E2400000000000000000000000000000000003E
:108E3400000000000000000000000000000000002E
:108E4400000000000000000000000000000000001E
:108E5400000000000000000000000000000000000E
:108E640000000000000000000000000000000000FE
:108E740000000000000000000000000000000000EE
:108E840000000000000000000000000000000000DE
:108E940000000000000000000000000000000000CE
:108EA40000000000000000000000000000000000BE
:108EB40000000000000000000000000000000000AE
:108EC400000000000000000000000000000000009E
:108ED400000000000000000000000000000000008E
:108EE400000000000000000000000000000000007E
:108EF400000000000000000000000000000000006E
:108F0400000000000000000000000000000000005D
:108F1400000000000000000000000000000000004D
:108F2400000000000000000000000000000000003D
:108F3400000000000000000000000000000000002D
:108F4400000000000000000000000000000000001D
:108F5400000000000000000000000000000000000D
:108F640000000000000000000000000000000000FD
:108F740000000000000000000000000000000000ED
:108F840000000000000000000000000000000000DD
:108F940000000000000000000000000000000000CD
:108FA40000000000000000000000000000000000BD
:108FB40000000000000000000000000000000000AD
:108FC400000000000000000000000000000000009D
:108FD400000000000000000000000000000000008D
:108FE400000000000000000000000000000000007D
:0C8FF40000000000000000000000000071
:040000056000100087
:00000001FF
